trade_id,source_pair_id,support_pair_ids,support_pair_count,support_pair_expectancy_mean,side,symbol,entry_dt,exit_dt,entry_price,exit_price,initial_size,initial_atr,initial_stop_price,tp1_price,tp2_price,realized_pnl,fragment_count,holding_days,final_reason,winning_position
1,combined__cand_002_AVAX_USDT__4h_ema15_dist0.008__short_cand_088_ETH_USDT__4h_ema20_dist0.000,combined__cand_002_AVAX_USDT__4h_ema15_dist0.008__short_cand_088_ETH_USDT__4h_ema20_dist0.000|combined__cand_002_AVAX_USDT__4h_ema15_dist0.000__short_cand_088_ETH_USDT__4h_ema20_dist0.000|combined__cand_002_AVAX_USDT__4h_ema15_dist0.008__short_cand_088_ETH_USDT__4h_ema15_dist0.000|combined__cand_002_AVAX_USDT__4h_ema15_dist0.000__short_cand_088_ETH_USDT__4h_ema15_dist0.000|combined__cand_002_AVAX_USDT__4h_ema15_dist0.008__short_cand_076_ETH_USDT__4h_ema15_dist0.000,5,2.7372405860341122,short,ETH/USDT,2024-10-23 04:00:00,2024-10-29 00:00:00,2616.49,2616.49,0.06516179653396266,102.30943622298636,2769.9541543344794,2411.871127554027,2258.4069732195476,6.666666666666661,2,5.833333333333333,stop_loss,True
3,combined__cand_002_AVAX_USDT__4h_ema15_dist0.008__short_cand_088_ETH_USDT__4h_ema20_dist0.000,combined__cand_002_AVAX_USDT__4h_ema15_dist0.008__short_cand_088_ETH_USDT__4h_ema20_dist0.000|combined__cand_002_AVAX_USDT__4h_ema15_dist0.000__short_cand_088_ETH_USDT__4h_ema20_dist0.000|combined__cand_002_AVAX_USDT__4h_ema15_dist0.008__short_cand_088_ETH_USDT__4h_ema15_dist0.000|combined__cand_002_AVAX_USDT__4h_ema15_dist0.000__short_cand_088_ETH_USDT__4h_ema15_dist0.000|combined__cand_002_AVAX_USDT__4h_ema15_dist0.008__short_cand_076_ETH_USDT__4h_ema15_dist0.000,5,2.7372405860341122,short,XRP/USDT,2024-10-30 00:00:00,2024-11-07 00:00:00,0.5285,0.5574383374799413,345.56235329453546,0.019292224986627585,0.5574383374799413,0.4899155500267448,0.4609772125468034,-9.999999999999988,1,8.0,stop_loss,False
2,combined__cand_002_AVAX_USDT__4h_ema15_dist0.008__short_cand_088_ETH_USDT__4h_ema20_dist0.000,combined__cand_002_AVAX_USDT__4h_ema15_dist0.008__short_cand_088_ETH_USDT__4h_ema20_dist0.000|combined__cand_002_AVAX_USDT__4h_ema15_dist0.000__short_cand_088_ETH_USDT__4h_ema20_dist0.000|combined__cand_002_AVAX_USDT__4h_ema15_dist0.008__short_cand_088_ETH_USDT__4h_ema15_dist0.000|combined__cand_002_AVAX_USDT__4h_ema15_dist0.000__short_cand_088_ETH_USDT__4h_ema15_dist0.000|combined__cand_002_AVAX_USDT__4h_ema15_dist0.008__short_cand_076_ETH_USDT__4h_ema15_dist0.000,5,2.7372405860341122,short,ADA/USDT,2024-10-29 00:00:00,2024-11-07 00:00:00,0.3438,0.3695714271878285,388.0266283709297,0.017180951458552328,0.3695714271878285,0.3094380970828953,0.28366666989506684,-9.999999999999998,1,9.0,stop_loss,False
6,combined__cand_002_AVAX_USDT__4h_ema15_dist0.008__short_cand_088_ETH_USDT__4h_ema20_dist0.000,combined__cand_002_AVAX_USDT__4h_ema15_dist0.008__short_cand_088_ETH_USDT__4h_ema20_dist0.000|combined__cand_002_AVAX_USDT__4h_ema15_dist0.000__short_cand_088_ETH_USDT__4h_ema20_dist0.000,2,2.7597186071348316,short,TON/USDT,2024-11-08 00:00:00,2024-11-09 00:00:00,4.908,5.2370455170579895,30.390932201144835,0.21936367803865955,5.2370455170579895,4.4692726439226815,4.140227126864692,-9.999999999999995,1,1.0,stop_loss,False
4,combined__cand_002_AVAX_USDT__4h_ema15_dist0.008__short_cand_088_ETH_USDT__4h_ema20_dist0.000,combined__cand_002_AVAX_USDT__4h_ema15_dist0.008__short_cand_088_ETH_USDT__4h_ema20_dist0.000|combined__cand_002_AVAX_USDT__4h_ema15_dist0.000__short_cand_088_ETH_USDT__4h_ema20_dist0.000|combined__cand_002_AVAX_USDT__4h_ema15_dist0.008__short_cand_088_ETH_USDT__4h_ema15_dist0.000|combined__cand_002_AVAX_USDT__4h_ema15_dist0.000__short_cand_088_ETH_USDT__4h_ema15_dist0.000|combined__cand_002_AVAX_USDT__4h_ema15_dist0.008__short_cand_076_ETH_USDT__4h_ema15_dist0.000,5,2.7372405860341122,long,AVAX/USDT,2024-11-07 00:00:00,2024-11-10 00:00:00,27.01,32.49695268227218,4.252512220256812,1.5677007663634797,24.658448850454782,30.14540153272696,32.49695268227218,18.333333333333336,2,3.0,tp2_final,True
5,combined__cand_002_AVAX_USDT__4h_ema15_dist0.008__short_cand_088_ETH_USDT__4h_ema20_dist0.000,combined__cand_002_AVAX_USDT__4h_ema15_dist0.008__short_cand_088_ETH_USDT__4h_ema20_dist0.000|combined__cand_002_AVAX_USDT__4h_ema15_dist0.000__short_cand_088_ETH_USDT__4h_ema20_dist0.000|combined__cand_002_AVAX_USDT__4h_ema15_dist0.008__short_cand_088_ETH_USDT__4h_ema15_dist0.000|combined__cand_002_AVAX_USDT__4h_ema15_dist0.000__short_cand_088_ETH_USDT__4h_ema15_dist0.000|combined__cand_002_AVAX_USDT__4h_ema15_dist0.008__short_cand_076_ETH_USDT__4h_ema15_dist0.000,5,2.7372405860341122,long,BNB/USDT,2024-11-07 00:00:00,2024-11-11 00:00:00,592.22,661.2947429416467,0.3377983375637744,19.7356408404705,562.6165387392942,631.6912816809411,661.2947429416467,18.333333333333336,2,4.0,tp2_final,True
7,combined__cand_002_AVAX_USDT__4h_ema15_dist0.008__short_cand_088_ETH_USDT__4h_ema20_dist0.000,combined__cand_002_AVAX_USDT__4h_ema15_dist0.008__short_cand_088_ETH_USDT__4h_ema20_dist0.000|combined__cand_002_AVAX_USDT__4h_ema15_dist0.000__short_cand_088_ETH_USDT__4h_ema20_dist0.000|combined__cand_002_AVAX_USDT__4h_ema15_dist0.008__short_cand_088_ETH_USDT__4h_ema15_dist0.000|combined__cand_002_AVAX_USDT__4h_ema15_dist0.000__short_cand_088_ETH_USDT__4h_ema15_dist0.000|combined__cand_002_AVAX_USDT__4h_ema15_dist0.008__short_cand_076_ETH_USDT__4h_ema15_dist0.000,5,2.7372405860341122,long,TON/USDT,2024-11-11 00:00:00,2024-11-20 00:00:00,5.276,5.276,26.520840677890646,0.2513746358057344,4.8989380462913985,5.778749271611469,6.15581122532007,6.66666666666667,2,9.0,stop_loss,True
8,combined__cand_002_AVAX_USDT__4h_ema15_dist0.008__short_cand_088_ETH_USDT__4h_ema15_dist0.000,combined__cand_002_AVAX_USDT__4h_ema15_dist0.008__short_cand_088_ETH_USDT__4h_ema15_dist0.000|combined__cand_002_AVAX_USDT__4h_ema15_dist0.000__short_cand_088_ETH_USDT__4h_ema15_dist0.000,2,2.7257894197403205,short,TON/USDT,2024-11-21 00:00:00,2024-11-23 00:00:00,5.29,5.753461369753449,21.57677133979855,0.3089742465022994,5.753461369753449,4.672051506995401,4.208590137241952,-9.999999999999995,1,2.0,stop_loss,False
9,combined__cand_002_AVAX_USDT__4h_ema15_dist0.008__short_cand_088_ETH_USDT__4h_ema20_dist0.000,combined__cand_002_AVAX_USDT__4h_ema15_dist0.008__short_cand_088_ETH_USDT__4h_ema20_dist0.000|combined__cand_002_AVAX_USDT__4h_ema15_dist0.000__short_cand_088_ETH_USDT__4h_ema20_dist0.000|combined__cand_002_AVAX_USDT__4h_ema15_dist0.008__short_cand_088_ETH_USDT__4h_ema15_dist0.000|combined__cand_002_AVAX_USDT__4h_ema15_dist0.000__short_cand_088_ETH_USDT__4h_ema15_dist0.000|combined__cand_002_AVAX_USDT__4h_ema15_dist0.008__short_cand_076_ETH_USDT__4h_ema15_dist0.000,5,2.7372405860341122,long,BNB/USDT,2024-12-03 00:00:00,2024-12-03 00:00:00,647.83,647.83,0.21462016833172234,31.06262900867032,601.2360564869946,709.9552580173407,756.5492015303462,6.6666666666666705,2,0.0,stop_loss,True
12,combined__cand_002_AVAX_USDT__4h_ema15_dist0.008__short_cand_088_ETH_USDT__4h_ema20_dist0.000,combined__cand_002_AVAX_USDT__4h_ema15_dist0.008__short_cand_088_ETH_USDT__4h_ema20_dist0.000|combined__cand_002_AVAX_USDT__4h_ema15_dist0.000__short_cand_088_ETH_USDT__4h_ema20_dist0.000|combined__cand_002_AVAX_USDT__4h_ema15_dist0.008__short_cand_088_ETH_USDT__4h_ema15_dist0.000|combined__cand_002_AVAX_USDT__4h_ema15_dist0.000__short_cand_088_ETH_USDT__4h_ema15_dist0.000|combined__cand_002_AVAX_USDT__4h_ema15_dist0.008__short_cand_076_ETH_USDT__4h_ema15_dist0.000,5,2.7372405860341122,long,BNB/USDT,2024-12-29 00:00:00,2025-01-13 00:00:00,722.13,664.6228905319914,0.17389154301979004,38.33807297867243,664.6228905319914,798.8061459573448,856.3132554253535,-9.999999999999991,1,15.0,stop_loss,False
10,combined__cand_002_AVAX_USDT__4h_ema15_dist0.008__short_cand_088_ETH_USDT__4h_ema20_dist0.000,combined__cand_002_AVAX_USDT__4h_ema15_dist0.008__short_cand_088_ETH_USDT__4h_ema20_dist0.000|combined__cand_002_AVAX_USDT__4h_ema15_dist0.000__short_cand_088_ETH_USDT__4h_ema20_dist0.000|combined__cand_002_AVAX_USDT__4h_ema15_dist0.008__short_cand_088_ETH_USDT__4h_ema15_dist0.000|combined__cand_002_AVAX_USDT__4h_ema15_dist0.000__short_cand_088_ETH_USDT__4h_ema15_dist0.000|combined__cand_002_AVAX_USDT__4h_ema15_dist0.008__short_cand_076_ETH_USDT__4h_ema15_dist0.000,5,2.7372405860341122,long,LINK/USDT,2024-12-23 04:00:00,2025-01-13 08:00:00,23.08,18.758113422456177,2.3138043584852985,2.881257718362547,18.758113422456177,28.842515436725094,33.164402014268916,-10.000000000000005,1,21.166666666666668,stop_loss,False
11,combined__cand_002_AVAX_USDT__4h_ema15_dist0.008__short_cand_088_ETH_USDT__4h_ema20_dist0.000,combined__cand_002_AVAX_USDT__4h_ema15_dist0.008__short_cand_088_ETH_USDT__4h_ema20_dist0.000|combined__cand_002_AVAX_USDT__4h_ema15_dist0.000__short_cand_088_ETH_USDT__4h_ema20_dist0.000|combined__cand_002_AVAX_USDT__4h_ema15_dist0.008__short_cand_088_ETH_USDT__4h_ema15_dist0.000|combined__cand_002_AVAX_USDT__4h_ema15_dist0.000__short_cand_088_ETH_USDT__4h_ema15_dist0.000|combined__cand_002_AVAX_USDT__4h_ema15_dist0.008__short_cand_076_ETH_USDT__4h_ema15_dist0.000,5,2.7372405860341122,long,XRP/USDT,2024-12-25 00:00:00,2025-01-15 00:00:00,2.3238,3.1718642846369396,27.5136375343556,0.24230408132483988,1.96034387801274,2.8084081626496795,3.1718642846369396,18.333333333333332,2,21.0,tp2_final,True
14,combined__cand_002_AVAX_USDT__4h_ema15_dist0.000__short_cand_088_ETH_USDT__4h_ema20_dist0.000,combined__cand_002_AVAX_USDT__4h_ema15_dist0.000__short_cand_088_ETH_USDT__4h_ema20_dist0.000|combined__cand_002_AVAX_USDT__4h_ema15_dist0.000__short_cand_088_ETH_USDT__4h_ema15_dist0.000,2,2.6910775929132273,long,BNB/USDT,2025-01-19 00:00:00,2025-01-26 00:00:00,709.52,670.5382366956927,0.2565302118823101,25.987842202871498,670.5382366956927,761.495684405743,800.4774477100502,-10.000000000000004,1,7.0,stop_loss,False
13,combined__cand_002_AVAX_USDT__4h_ema15_dist0.008__short_cand_088_ETH_USDT__4h_ema20_dist0.000,combined__cand_002_AVAX_USDT__4h_ema15_dist0.008__short_cand_088_ETH_USDT__4h_ema20_dist0.000|combined__cand_002_AVAX_USDT__4h_ema15_dist0.000__short_cand_088_ETH_USDT__4h_ema20_dist0.000|combined__cand_002_AVAX_USDT__4h_ema15_dist0.008__short_cand_088_ETH_USDT__4h_ema15_dist0.000|combined__cand_002_AVAX_USDT__4h_ema15_dist0.000__short_cand_088_ETH_USDT__4h_ema15_dist0.000|combined__cand_002_AVAX_USDT__4h_ema15_dist0.008__short_cand_076_ETH_USDT__4h_ema15_dist0.000,5,2.7372405860341122,short,TON/USDT,2025-01-03 00:00:00,2025-02-02 00:00:00,5.649,4.460775443758395,19.63714115380469,0.3394927303547442,6.1582390955321165,4.970014539290512,4.460775443758395,18.333333333333332,2,30.0,tp2_final,True
15,combined__cand_002_AVAX_USDT__4h_ema15_dist0.008__short_cand_088_ETH_USDT__4h_ema20_dist0.000,combined__cand_002_AVAX_USDT__4h_ema15_dist0.008__short_cand_088_ETH_USDT__4h_ema20_dist0.000|combined__cand_002_AVAX_USDT__4h_ema15_dist0.000__short_cand_088_ETH_USDT__4h_ema20_dist0.000|combined__cand_002_AVAX_USDT__4h_ema15_dist0.008__short_cand_088_ETH_USDT__4h_ema15_dist0.000|combined__cand_002_AVAX_USDT__4h_ema15_dist0.000__short_cand_088_ETH_USDT__4h_ema15_dist0.000|combined__cand_002_AVAX_USDT__4h_ema15_dist0.008__short_cand_076_ETH_USDT__4h_ema15_dist0.000,5,2.7372405860341122,short,ETH/USDT,2025-01-23 04:00:00,2025-02-03 00:00:00,3227.0,2524.341315727774,0.03320720835820976,200.75962407777882,3528.139436116668,2825.4807518444422,2524.341315727774,18.333333333333336,2,10.833333333333334,tp2_final,True
16,combined__cand_002_AVAX_USDT__4h_ema15_dist0.008__short_cand_088_ETH_USDT__4h_ema20_dist0.000,combined__cand_002_AVAX_USDT__4h_ema15_dist0.008__short_cand_088_ETH_USDT__4h_ema20_dist0.000|combined__cand_002_AVAX_USDT__4h_ema15_dist0.000__short_cand_088_ETH_USDT__4h_ema20_dist0.000|combined__cand_002_AVAX_USDT__4h_ema15_dist0.008__short_cand_088_ETH_USDT__4h_ema15_dist0.000|combined__cand_002_AVAX_USDT__4h_ema15_dist0.000__short_cand_088_ETH_USDT__4h_ema15_dist0.000|combined__cand_002_AVAX_USDT__4h_ema15_dist0.008__short_cand_076_ETH_USDT__4h_ema15_dist0.000,5,2.7372405860341122,short,DOGE/USDT,2025-01-26 00:00:00,2025-02-03 00:00:00,0.35351,0.2408910214425308,207.18828773097414,0.03217685101641977,0.40177527652462963,0.28915629796716047,0.2408910214425308,18.333333333333332,2,8.0,tp2_final,True
17,combined__cand_002_AVAX_USDT__4h_ema15_dist0.008__short_cand_088_ETH_USDT__4h_ema20_dist0.000,combined__cand_002_AVAX_USDT__4h_ema15_dist0.008__short_cand_088_ETH_USDT__4h_ema20_dist0.000|combined__cand_002_AVAX_USDT__4h_ema15_dist0.000__short_cand_088_ETH_USDT__4h_ema20_dist0.000|combined__cand_002_AVAX_USDT__4h_ema15_dist0.008__short_cand_088_ETH_USDT__4h_ema15_dist0.000|combined__cand_002_AVAX_USDT__4h_ema15_dist0.000__short_cand_088_ETH_USDT__4h_ema15_dist0.000|combined__cand_002_AVAX_USDT__4h_ema15_dist0.008__short_cand_076_ETH_USDT__4h_ema15_dist0.000,5,2.7372405860341122,short,ADA/USDT,2025-01-31 00:00:00,2025-02-03 00:00:00,0.9595,0.6819207043881638,84.0600639248051,0.07930837017481036,1.0784625552622156,0.8008832596503793,0.6819207043881638,18.33333333333333,2,3.0,tp2_final,True
18,combined__cand_002_AVAX_USDT__4h_ema15_dist0.008__short_cand_088_ETH_USDT__4h_ema20_dist0.000,combined__cand_002_AVAX_USDT__4h_ema15_dist0.008__short_cand_088_ETH_USDT__4h_ema20_dist0.000|combined__cand_002_AVAX_USDT__4h_ema15_dist0.000__short_cand_088_ETH_USDT__4h_ema20_dist0.000|combined__cand_002_AVAX_USDT__4h_ema15_dist0.008__short_cand_088_ETH_USDT__4h_ema15_dist0.000|combined__cand_002_AVAX_USDT__4h_ema15_dist0.000__short_cand_088_ETH_USDT__4h_ema15_dist0.000|combined__cand_002_AVAX_USDT__4h_ema15_dist0.008__short_cand_076_ETH_USDT__4h_ema15_dist0.000,5,2.7372405860341122,long,BNB/USDT,2025-02-14 00:00:00,2025-02-25 00:00:00,664.73,604.5447742647893,0.16615373420705837,40.12348382347377,604.5447742647893,744.9769676469475,805.1621933821582,-10.000000000000004,1,11.0,stop_loss,False
19,combined__cand_002_AVAX_USDT__4h_ema15_dist0.008__short_cand_088_ETH_USDT__4h_ema20_dist0.000,combined__cand_002_AVAX_USDT__4h_ema15_dist0.008__short_cand_088_ETH_USDT__4h_ema20_dist0.000|combined__cand_002_AVAX_USDT__4h_ema15_dist0.000__short_cand_088_ETH_USDT__4h_ema20_dist0.000|combined__cand_002_AVAX_USDT__4h_ema15_dist0.008__short_cand_088_ETH_USDT__4h_ema15_dist0.000|combined__cand_002_AVAX_USDT__4h_ema15_dist0.000__short_cand_088_ETH_USDT__4h_ema15_dist0.000|combined__cand_002_AVAX_USDT__4h_ema15_dist0.008__short_cand_076_ETH_USDT__4h_ema15_dist0.000,5,2.7372405860341122,short,BTC/USDT,2025-02-18 04:00:00,2025-02-26 16:00:00,96200.0,84398.1480203431,0.001977090830621625,3371.957708473401,101257.9365627101,89456.08458305319,84398.1480203431,18.33333333333334,2,8.5,tp2_final,True
21,combined__cand_002_AVAX_USDT__4h_ema15_dist0.008__short_cand_088_ETH_USDT__4h_ema20_dist0.000,combined__cand_002_AVAX_USDT__4h_ema15_dist0.008__short_cand_088_ETH_USDT__4h_ema20_dist0.000|combined__cand_002_AVAX_USDT__4h_ema15_dist0.000__short_cand_088_ETH_USDT__4h_ema20_dist0.000|combined__cand_002_AVAX_USDT__4h_ema15_dist0.008__short_cand_088_ETH_USDT__4h_ema15_dist0.000|combined__cand_002_AVAX_USDT__4h_ema15_dist0.000__short_cand_088_ETH_USDT__4h_ema15_dist0.000,4,2.742754013437576,short,XRP/USDT,2025-02-24 00:00:00,2025-03-02 00:00:00,2.5763,2.5763,34.87086214896639,0.1911815841600657,2.8630723762400985,2.1939368316798684,1.9071644554397698,6.666666666666667,2,6.0,stop_loss,True
23,combined__cand_002_AVAX_USDT__4h_ema15_dist0.008__short_cand_088_ETH_USDT__4h_ema20_dist0.000,combined__cand_002_AVAX_USDT__4h_ema15_dist0.008__short_cand_088_ETH_USDT__4h_ema20_dist0.000|combined__cand_002_AVAX_USDT__4h_ema15_dist0.000__short_cand_088_ETH_USDT__4h_ema20_dist0.000,2,2.7597186071348316,short,LINK/USDT,2025-03-02 04:00:00,2025-03-02 16:00:00,14.85,17.320476555756983,4.047802022932323,1.6469843705046563,17.320476555756983,11.556031258990688,9.085554703233703,-9.999999999999993,1,0.5,stop_loss,False
22,combined__cand_002_AVAX_USDT__4h_ema15_dist0.008__short_cand_088_ETH_USDT__4h_ema20_dist0.000,combined__cand_002_AVAX_USDT__4h_ema15_dist0.008__short_cand_088_ETH_USDT__4h_ema20_dist0.000|combined__cand_002_AVAX_USDT__4h_ema15_dist0.000__short_cand_088_ETH_USDT__4h_ema20_dist0.000|combined__cand_002_AVAX_USDT__4h_ema15_dist0.008__short_cand_088_ETH_USDT__4h_ema15_dist0.000|combined__cand_002_AVAX_USDT__4h_ema15_dist0.000__short_cand_088_ETH_USDT__4h_ema15_dist0.000|combined__cand_002_AVAX_USDT__4h_ema15_dist0.008__short_cand_076_ETH_USDT__4h_ema15_dist0.000,5,2.7372405860341122,short,ETH/USDT,2025-03-02 04:00:00,2025-03-02 20:00:00,2220.19,2521.2353997009222,0.03321758116860325,200.69693313394828,2521.2353997009222,1818.7961337321035,1517.750734031181,-9.999999999999993,1,0.6666666666666666,stop_loss,False
20,combined__cand_002_AVAX_USDT__4h_ema15_dist0.008__short_cand_088_ETH_USDT__4h_ema20_dist0.000,combined__cand_002_AVAX_USDT__4h_ema15_dist0.008__short_cand_088_ETH_USDT__4h_ema20_dist0.000|combined__cand_002_AVAX_USDT__4h_ema15_dist0.000__short_cand_088_ETH_USDT__4h_ema20_dist0.000,2,2.7597186071348316,short,AVAX/USDT,2025-02-23 00:00:00,2025-03-09 00:00:00,25.84,17.916329292045113,2.9447631272597032,2.2639059165585387,29.23585887483781,21.312188166882923,17.916329292045113,18.333333333333336,2,14.0,tp2_final,True
24,combined__cand_002_AVAX_USDT__4h_ema15_dist0.008__short_cand_088_ETH_USDT__4h_ema20_dist0.000,combined__cand_002_AVAX_USDT__4h_ema15_dist0.008__short_cand_088_ETH_USDT__4h_ema20_dist0.000|combined__cand_002_AVAX_USDT__4h_ema15_dist0.000__short_cand_088_ETH_USDT__4h_ema20_dist0.000|combined__cand_002_AVAX_USDT__4h_ema15_dist0.008__short_cand_088_ETH_USDT__4h_ema15_dist0.000|combined__cand_002_AVAX_USDT__4h_ema15_dist0.000__short_cand_088_ETH_USDT__4h_ema15_dist0.000|combined__cand_002_AVAX_USDT__4h_ema15_dist0.008__short_cand_076_ETH_USDT__4h_ema15_dist0.000,5,2.7372405860341122,short,BNB/USDT,2025-03-03 00:00:00,2025-03-17 00:00:00,623.94,623.94,0.1928976293727837,34.56064591536799,675.7809688730521,554.818708169264,502.97773929621206,6.6666666666666705,2,14.0,stop_loss,True
26,combined__cand_002_AVAX_USDT__4h_ema15_dist0.000__short_cand_088_ETH_USDT__4h_ema20_dist0.000,combined__cand_002_AVAX_USDT__4h_ema15_dist0.000__short_cand_088_ETH_USDT__4h_ema20_dist0.000|combined__cand_002_AVAX_USDT__4h_ema15_dist0.000__short_cand_088_ETH_USDT__4h_ema15_dist0.000,2,2.6910775929132273,long,BTC/USDT,2025-03-27 04:00:00,2025-03-29 08:00:00,87670.17,82545.642862735,0.0019513995598308186,3416.351424843331,82545.642862735,94502.87284968665,99627.39998695166,-10.00000000000001,1,2.1666666666666665,stop_loss,False
25,combined__cand_002_AVAX_USDT__4h_ema15_dist0.008__short_cand_088_ETH_USDT__4h_ema20_dist0.000,combined__cand_002_AVAX_USDT__4h_ema15_dist0.008__short_cand_088_ETH_USDT__4h_ema20_dist0.000|combined__cand_002_AVAX_USDT__4h_ema15_dist0.000__short_cand_088_ETH_USDT__4h_ema20_dist0.000|combined__cand_002_AVAX_USDT__4h_ema15_dist0.008__short_cand_088_ETH_USDT__4h_ema15_dist0.000|combined__cand_002_AVAX_USDT__4h_ema15_dist0.000__short_cand_088_ETH_USDT__4h_ema15_dist0.000|combined__cand_002_AVAX_USDT__4h_ema15_dist0.008__short_cand_076_ETH_USDT__4h_ema15_dist0.000,5,2.7372405860341122,long,LINK/USDT,2025-03-26 04:00:00,2025-03-29 08:00:00,15.32,13.550937614348605,5.652711900444288,1.1793749237675963,13.550937614348605,17.678749847535194,19.44781223318659,-10.000000000000004,1,3.1666666666666665,stop_loss,False
29,combined__cand_002_AVAX_USDT__4h_ema15_dist0.008__short_cand_088_ETH_USDT__4h_ema20_dist0.000,combined__cand_002_AVAX_USDT__4h_ema15_dist0.008__short_cand_088_ETH_USDT__4h_ema20_dist0.000|combined__cand_002_AVAX_USDT__4h_ema15_dist0.000__short_cand_088_ETH_USDT__4h_ema20_dist0.000,2,2.7597186071348316,short,BTC/USDT,2025-04-01 04:00:00,2025-04-02 20:00:00,82962.84,87853.5604308873,0.0020446885364465094,3260.4802872582013,87853.5604308873,76441.8794254836,71551.15899459629,-10.000000000000004,1,1.6666666666666667,stop_loss,False
27,combined__cand_002_AVAX_USDT__4h_ema15_dist0.008__short_cand_088_ETH_USDT__4h_ema20_dist0.000,combined__cand_002_AVAX_USDT__4h_ema15_dist0.008__short_cand_088_ETH_USDT__4h_ema20_dist0.000|combined__cand_002_AVAX_USDT__4h_ema15_dist0.000__short_cand_088_ETH_USDT__4h_ema20_dist0.000|combined__cand_002_AVAX_USDT__4h_ema15_dist0.008__short_cand_088_ETH_USDT__4h_ema15_dist0.000|combined__cand_002_AVAX_USDT__4h_ema15_dist0.000__short_cand_088_ETH_USDT__4h_ema15_dist0.000|combined__cand_002_AVAX_USDT__4h_ema15_dist0.008__short_cand_076_ETH_USDT__4h_ema15_dist0.000,5,2.7372405860341122,short,ETH/USDT,2025-03-27 04:00:00,2025-04-06 16:00:00,2031.32,1613.2544930641184,0.055812624926533216,119.44728769596618,2210.490931543949,1792.4254246080675,1613.2544930641184,18.333333333333332,2,10.5,tp2_final,True
28,combined__cand_002_AVAX_USDT__4h_ema15_dist0.008__short_cand_088_ETH_USDT__4h_ema20_dist0.000,combined__cand_002_AVAX_USDT__4h_ema15_dist0.008__short_cand_088_ETH_USDT__4h_ema20_dist0.000|combined__cand_002_AVAX_USDT__4h_ema15_dist0.000__short_cand_088_ETH_USDT__4h_ema20_dist0.000|combined__cand_002_AVAX_USDT__4h_ema15_dist0.008__short_cand_088_ETH_USDT__4h_ema15_dist0.000|combined__cand_002_AVAX_USDT__4h_ema15_dist0.000__short_cand_088_ETH_USDT__4h_ema15_dist0.000|combined__cand_002_AVAX_USDT__4h_ema15_dist0.008__short_cand_076_ETH_USDT__4h_ema15_dist0.000,5,2.7372405860341122,short,XRP/USDT,2025-03-28 00:00:00,2025-04-07 00:00:00,2.3411,1.7703768281334407,40.88380231176052,0.1630637633904455,2.5856956450856683,2.014972473219109,1.7703768281334407,18.333333333333332,2,10.0,tp2_final,True
31,combined__cand_002_AVAX_USDT__4h_ema15_dist0.008__short_cand_088_ETH_USDT__4h_ema20_dist0.000,combined__cand_002_AVAX_USDT__4h_ema15_dist0.008__short_cand_088_ETH_USDT__4h_ema20_dist0.000|combined__cand_002_AVAX_USDT__4h_ema15_dist0.000__short_cand_088_ETH_USDT__4h_ema20_dist0.000|combined__cand_002_AVAX_USDT__4h_ema15_dist0.008__short_cand_088_ETH_USDT__4h_ema15_dist0.000|combined__cand_002_AVAX_USDT__4h_ema15_dist0.000__short_cand_088_ETH_USDT__4h_ema15_dist0.000|combined__cand_002_AVAX_USDT__4h_ema15_dist0.008__short_cand_076_ETH_USDT__4h_ema15_dist0.000,5,2.7372405860341122,short,BTC/USDT,2025-04-03 04:00:00,2025-04-09 20:00:00,83483.97,83483.97,0.0019491546446704232,3420.286166054266,88614.3992490814,76643.39766789146,71512.96841881007,6.666666666666673,2,6.666666666666667,stop_loss,True
30,combined__cand_002_AVAX_USDT__4h_ema15_dist0.008__short_cand_088_ETH_USDT__4h_ema20_dist0.000,combined__cand_002_AVAX_USDT__4h_ema15_dist0.008__short_cand_088_ETH_USDT__4h_ema20_dist0.000|combined__cand_002_AVAX_USDT__4h_ema15_dist0.000__short_cand_088_ETH_USDT__4h_ema20_dist0.000|combined__cand_002_AVAX_USDT__4h_ema15_dist0.008__short_cand_088_ETH_USDT__4h_ema15_dist0.000|combined__cand_002_AVAX_USDT__4h_ema15_dist0.000__short_cand_088_ETH_USDT__4h_ema15_dist0.000|combined__cand_002_AVAX_USDT__4h_ema15_dist0.008__short_cand_076_ETH_USDT__4h_ema15_dist0.000,5,2.7372405860341122,short,AVAX/USDT,2025-04-02 00:00:00,2025-04-12 00:00:00,19.83,19.83,4.315696751532541,1.5447486351535882,22.14712295273038,16.74050272969282,14.42337977696244,6.666666666666669,2,10.0,stop_loss,True
35,combined__cand_002_AVAX_USDT__4h_ema15_dist0.008__short_cand_088_ETH_USDT__4h_ema20_dist0.000,combined__cand_002_AVAX_USDT__4h_ema15_dist0.008__short_cand_088_ETH_USDT__4h_ema20_dist0.000|combined__cand_002_AVAX_USDT__4h_ema15_dist0.000__short_cand_088_ETH_USDT__4h_ema20_dist0.000|combined__cand_002_AVAX_USDT__4h_ema15_dist0.008__short_cand_088_ETH_USDT__4h_ema15_dist0.000|combined__cand_002_AVAX_USDT__4h_ema15_dist0.000__short_cand_088_ETH_USDT__4h_ema15_dist0.000|combined__cand_002_AVAX_USDT__4h_ema15_dist0.008__short_cand_076_ETH_USDT__4h_ema15_dist0.000,5,2.7372405860341122,short,DOGE/USDT,2025-04-14 00:00:00,2025-04-23 00:00:00,0.1626,0.1839603094501213,468.1580116313912,0.014240206300080861,0.1839603094501213,0.13411958739983826,0.11275927794971698,-10.000000000000002,1,9.0,stop_loss,False
33,combined__cand_002_AVAX_USDT__4h_ema15_dist0.008__short_cand_088_ETH_USDT__4h_ema20_dist0.000,combined__cand_002_AVAX_USDT__4h_ema15_dist0.008__short_cand_088_ETH_USDT__4h_ema20_dist0.000|combined__cand_002_AVAX_USDT__4h_ema15_dist0.000__short_cand_088_ETH_USDT__4h_ema20_dist0.000|combined__cand_002_AVAX_USDT__4h_ema15_dist0.008__short_cand_088_ETH_USDT__4h_ema15_dist0.000|combined__cand_002_AVAX_USDT__4h_ema15_dist0.000__short_cand_088_ETH_USDT__4h_ema15_dist0.000|combined__cand_002_AVAX_USDT__4h_ema15_dist0.008__short_cand_076_ETH_USDT__4h_ema15_dist0.000,5,2.7372405860341122,long,BTC/USDT,2025-04-11 04:00:00,2025-05-01 08:00:00,80843.0,95807.45057541764,0.0015592509204222587,4275.557307262179,74429.66403910673,89394.11461452435,95807.45057541764,18.333333333333336,2,20.166666666666668,tp2_final,True
32,combined__cand_002_AVAX_USDT__4h_ema15_dist0.008__short_cand_088_ETH_USDT__4h_ema20_dist0.000,combined__cand_002_AVAX_USDT__4h_ema15_dist0.008__short_cand_088_ETH_USDT__4h_ema20_dist0.000|combined__cand_002_AVAX_USDT__4h_ema15_dist0.000__short_cand_088_ETH_USDT__4h_ema20_dist0.000|combined__cand_002_AVAX_USDT__4h_ema15_dist0.008__short_cand_088_ETH_USDT__4h_ema15_dist0.000|combined__cand_002_AVAX_USDT__4h_ema15_dist0.000__short_cand_088_ETH_USDT__4h_ema15_dist0.000,4,2.742754013437576,short,BNB/USDT,2025-04-10 00:00:00,2025-05-08 00:00:00,582.32,624.7820862465586,0.23550420819962595,28.308057497705704,624.7820862465586,525.7038850045886,483.2417987580301,-10.0,1,28.0,stop_loss,False
36,combined__cand_002_AVAX_USDT__4h_ema15_dist0.000__short_cand_088_ETH_USDT__4h_ema20_dist0.000,combined__cand_002_AVAX_USDT__4h_ema15_dist0.000__short_cand_088_ETH_USDT__4h_ema20_dist0.000|combined__cand_002_AVAX_USDT__4h_ema15_dist0.000__short_cand_088_ETH_USDT__4h_ema15_dist0.000,2,2.6910775929132273,long,ETH/USDT,2025-04-25 04:00:00,2025-05-08 20:00:00,1760.89,2145.854907151813,0.060611585367524694,109.98997347194657,1595.9050397920803,1980.8699469438932,2145.854907151813,18.333333333333336,2,13.666666666666666,tp2_final,True
34,combined__cand_002_AVAX_USDT__4h_ema15_dist0.008__short_cand_088_ETH_USDT__4h_ema20_dist0.000,combined__cand_002_AVAX_USDT__4h_ema15_dist0.008__short_cand_088_ETH_USDT__4h_ema20_dist0.000|combined__cand_002_AVAX_USDT__4h_ema15_dist0.000__short_cand_088_ETH_USDT__4h_ema20_dist0.000|combined__cand_002_AVAX_USDT__4h_ema15_dist0.008__short_cand_088_ETH_USDT__4h_ema15_dist0.000|combined__cand_002_AVAX_USDT__4h_ema15_dist0.000__short_cand_088_ETH_USDT__4h_ema15_dist0.000|combined__cand_002_AVAX_USDT__4h_ema15_dist0.008__short_cand_076_ETH_USDT__4h_ema15_dist0.000,5,2.7372405860341122,long,SOL/USDT,2025-04-13 04:00:00,2025-05-09 08:00:00,131.81,171.45109943882852,0.5886146868691107,11.326028411093866,114.8209573833592,154.46205682218772,171.45109943882852,18.33333333333333,2,26.166666666666668,tp2_final,True
37,combined__cand_002_AVAX_USDT__4h_ema15_dist0.008__short_cand_088_ETH_USDT__4h_ema20_dist0.000,combined__cand_002_AVAX_USDT__4h_ema15_dist0.008__short_cand_088_ETH_USDT__4h_ema20_dist0.000|combined__cand_002_AVAX_USDT__4h_ema15_dist0.000__short_cand_088_ETH_USDT__4h_ema20_dist0.000|combined__cand_002_AVAX_USDT__4h_ema15_dist0.008__short_cand_088_ETH_USDT__4h_ema15_dist0.000|combined__cand_002_AVAX_USDT__4h_ema15_dist0.000__short_cand_088_ETH_USDT__4h_ema15_dist0.000|combined__cand_002_AVAX_USDT__4h_ema15_dist0.008__short_cand_076_ETH_USDT__4h_ema15_dist0.000,5,2.7372405860341122,short,TON/USDT,2025-05-19 00:00:00,2025-05-28 00:00:00,3.139,3.4232519863756914,35.180053189788964,0.1895013242504611,3.4232519863756914,2.7599973514990777,2.475745365123386,-9.999999999999998,1,9.0,stop_loss,False
39,combined__cand_002_AVAX_USDT__4h_ema15_dist0.008__short_cand_088_ETH_USDT__4h_ema20_dist0.000,combined__cand_002_AVAX_USDT__4h_ema15_dist0.008__short_cand_088_ETH_USDT__4h_ema20_dist0.000|combined__cand_002_AVAX_USDT__4h_ema15_dist0.000__short_cand_088_ETH_USDT__4h_ema20_dist0.000|combined__cand_002_AVAX_USDT__4h_ema15_dist0.008__short_cand_088_ETH_USDT__4h_ema15_dist0.000|combined__cand_002_AVAX_USDT__4h_ema15_dist0.000__short_cand_088_ETH_USDT__4h_ema15_dist0.000|combined__cand_002_AVAX_USDT__4h_ema15_dist0.008__short_cand_076_ETH_USDT__4h_ema15_dist0.000,5,2.7372405860341122,long,BTC/USDT,2025-06-11 04:00:00,2025-06-13 00:00:00,109722.95,105406.52728734889,0.002316733245493022,2877.615141767407,105406.52728734889,115478.1802835348,119794.60299618592,-10.0,1,1.8333333333333333,stop_loss,False
41,combined__cand_002_AVAX_USDT__4h_ema15_dist0.008__short_cand_088_ETH_USDT__4h_ema20_dist0.000,combined__cand_002_AVAX_USDT__4h_ema15_dist0.008__short_cand_088_ETH_USDT__4h_ema20_dist0.000|combined__cand_002_AVAX_USDT__4h_ema15_dist0.000__short_cand_088_ETH_USDT__4h_ema20_dist0.000|combined__cand_002_AVAX_USDT__4h_ema15_dist0.008__short_cand_088_ETH_USDT__4h_ema15_dist0.000|combined__cand_002_AVAX_USDT__4h_ema15_dist0.000__short_cand_088_ETH_USDT__4h_ema15_dist0.000|combined__cand_002_AVAX_USDT__4h_ema15_dist0.008__short_cand_076_ETH_USDT__4h_ema15_dist0.000,5,2.7372405860341122,long,ETH/USDT,2025-06-12 04:00:00,2025-06-13 00:00:00,2765.08,2553.3246276033137,0.04722430362364915,141.17024826445743,2553.3246276033137,3047.4204965289146,3259.1758689256008,-10.000000000000004,1,0.8333333333333334,stop_loss,False
40,combined__cand_002_AVAX_USDT__4h_ema15_dist0.008__short_cand_088_ETH_USDT__4h_ema20_dist0.000,combined__cand_002_AVAX_USDT__4h_ema15_dist0.008__short_cand_088_ETH_USDT__4h_ema20_dist0.000|combined__cand_002_AVAX_USDT__4h_ema15_dist0.000__short_cand_088_ETH_USDT__4h_ema20_dist0.000|combined__cand_002_AVAX_USDT__4h_ema15_dist0.008__short_cand_088_ETH_USDT__4h_ema15_dist0.000|combined__cand_002_AVAX_USDT__4h_ema15_dist0.000__short_cand_088_ETH_USDT__4h_ema15_dist0.000|combined__cand_002_AVAX_USDT__4h_ema15_dist0.008__short_cand_076_ETH_USDT__4h_ema15_dist0.000,5,2.7372405860341122,long,BNB/USDT,2025-06-12 00:00:00,2025-06-13 00:00:00,667.42,639.1547147296053,0.3537908747191768,18.84352351359646,639.1547147296053,705.1070470271928,733.3723322975876,-9.99999999999999,1,1.0,stop_loss,False
42,combined__cand_002_AVAX_USDT__4h_ema15_dist0.008__short_cand_088_ETH_USDT__4h_ema20_dist0.000,combined__cand_002_AVAX_USDT__4h_ema15_dist0.008__short_cand_088_ETH_USDT__4h_ema20_dist0.000|combined__cand_002_AVAX_USDT__4h_ema15_dist0.000__short_cand_088_ETH_USDT__4h_ema20_dist0.000|combined__cand_002_AVAX_USDT__4h_ema15_dist0.008__short_cand_088_ETH_USDT__4h_ema15_dist0.000|combined__cand_002_AVAX_USDT__4h_ema15_dist0.000__short_cand_088_ETH_USDT__4h_ema15_dist0.000|combined__cand_002_AVAX_USDT__4h_ema15_dist0.008__short_cand_076_ETH_USDT__4h_ema15_dist0.000,5,2.7372405860341122,short,XRP/USDT,2025-06-19 00:00:00,2025-06-23 00:00:00,2.1704,2.1704,66.44203742429286,0.10033808301352853,2.320907124520293,1.9697238339729428,1.81921670945265,6.666666666666667,2,4.0,stop_loss,True
38,combined__cand_002_AVAX_USDT__4h_ema15_dist0.008__short_cand_088_ETH_USDT__4h_ema20_dist0.000,combined__cand_002_AVAX_USDT__4h_ema15_dist0.008__short_cand_088_ETH_USDT__4h_ema20_dist0.000|combined__cand_002_AVAX_USDT__4h_ema15_dist0.000__short_cand_088_ETH_USDT__4h_ema20_dist0.000|combined__cand_002_AVAX_USDT__4h_ema15_dist0.008__short_cand_088_ETH_USDT__4h_ema15_dist0.000|combined__cand_002_AVAX_USDT__4h_ema15_dist0.000__short_cand_088_ETH_USDT__4h_ema15_dist0.000|combined__cand_002_AVAX_USDT__4h_ema15_dist0.008__short_cand_076_ETH_USDT__4h_ema15_dist0.000,5,2.7372405860341122,short,TON/USDT,2025-05-31 00:00:00,2025-07-06 00:00:00,3.087,3.087,31.068139865080322,0.21458209907699705,3.4088731486154957,2.657835801846006,2.3359626532305104,6.666666666666669,2,36.0,stop_loss,True
43,combined__cand_002_AVAX_USDT__4h_ema15_dist0.008__short_cand_088_ETH_USDT__4h_ema20_dist0.000,combined__cand_002_AVAX_USDT__4h_ema15_dist0.008__short_cand_088_ETH_USDT__4h_ema20_dist0.000|combined__cand_002_AVAX_USDT__4h_ema15_dist0.000__short_cand_088_ETH_USDT__4h_ema20_dist0.000|combined__cand_002_AVAX_USDT__4h_ema15_dist0.008__short_cand_088_ETH_USDT__4h_ema15_dist0.000|combined__cand_002_AVAX_USDT__4h_ema15_dist0.000__short_cand_088_ETH_USDT__4h_ema15_dist0.000|combined__cand_002_AVAX_USDT__4h_ema15_dist0.008__short_cand_076_ETH_USDT__4h_ema15_dist0.000,5,2.7372405860341122,long,XRP/USDT,2025-06-30 00:00:00,2025-07-10 00:00:00,2.2062,2.555904188763747,66.7230593257116,0.09991548250392769,2.0563267762441084,2.4060309650078553,2.555904188763747,18.333333333333332,2,10.0,tp2_final,True
46,combined__cand_002_AVAX_USDT__4h_ema15_dist0.008__short_cand_088_ETH_USDT__4h_ema20_dist0.000,combined__cand_002_AVAX_USDT__4h_ema15_dist0.008__short_cand_088_ETH_USDT__4h_ema20_dist0.000|combined__cand_002_AVAX_USDT__4h_ema15_dist0.000__short_cand_088_ETH_USDT__4h_ema20_dist0.000|combined__cand_002_AVAX_USDT__4h_ema15_dist0.008__short_cand_088_ETH_USDT__4h_ema15_dist0.000|combined__cand_002_AVAX_USDT__4h_ema15_dist0.000__short_cand_088_ETH_USDT__4h_ema15_dist0.000|combined__cand_002_AVAX_USDT__4h_ema15_dist0.008__short_cand_076_ETH_USDT__4h_ema15_dist0.000,5,2.7372405860341122,short,AVAX/USDT,2025-07-08 00:00:00,2025-07-10 00:00:00,18.0,19.656362727685565,6.037324936653825,1.1042418184570422,19.656362727685565,15.791516363085915,14.135153635400354,-10.000000000000009,1,2.0,stop_loss,False
44,combined__cand_002_AVAX_USDT__4h_ema15_dist0.008__short_cand_088_ETH_USDT__4h_ema20_dist0.000,combined__cand_002_AVAX_USDT__4h_ema15_dist0.008__short_cand_088_ETH_USDT__4h_ema20_dist0.000|combined__cand_002_AVAX_USDT__4h_ema15_dist0.000__short_cand_088_ETH_USDT__4h_ema20_dist0.000|combined__cand_002_AVAX_USDT__4h_ema15_dist0.008__short_cand_088_ETH_USDT__4h_ema15_dist0.000|combined__cand_002_AVAX_USDT__4h_ema15_dist0.000__short_cand_088_ETH_USDT__4h_ema15_dist0.000|combined__cand_002_AVAX_USDT__4h_ema15_dist0.008__short_cand_076_ETH_USDT__4h_ema15_dist0.000,5,2.7372405860341122,long,BTC/USDT,2025-06-30 04:00:00,2025-07-11 04:00:00,108503.74,117671.33735332382,0.0025451961330820844,2619.313529521091,104574.76970571837,113742.36705904218,117671.33735332382,18.33333333333332,2,11.0,tp2_final,True
45,combined__cand_002_AVAX_USDT__4h_ema15_dist0.008__short_cand_088_ETH_USDT__4h_ema20_dist0.000,combined__cand_002_AVAX_USDT__4h_ema15_dist0.008__short_cand_088_ETH_USDT__4h_ema20_dist0.000|combined__cand_002_AVAX_USDT__4h_ema15_dist0.000__short_cand_088_ETH_USDT__4h_ema20_dist0.000|combined__cand_002_AVAX_USDT__4h_ema15_dist0.008__short_cand_088_ETH_USDT__4h_ema15_dist0.000|combined__cand_002_AVAX_USDT__4h_ema15_dist0.000__short_cand_088_ETH_USDT__4h_ema15_dist0.000|combined__cand_002_AVAX_USDT__4h_ema15_dist0.008__short_cand_076_ETH_USDT__4h_ema15_dist0.000,5,2.7372405860341122,long,SOL/USDT,2025-06-30 04:00:00,2025-07-18 04:00:00,151.77,183.39113988196527,0.73790297947612,9.034611394847218,138.21808290772918,169.83922278969445,183.39113988196527,18.333333333333336,2,18.0,tp2_final,True
47,combined__cand_002_AVAX_USDT__4h_ema15_dist0.000__short_cand_088_ETH_USDT__4h_ema20_dist0.000,combined__cand_002_AVAX_USDT__4h_ema15_dist0.000__short_cand_088_ETH_USDT__4h_ema20_dist0.000|combined__cand_002_AVAX_USDT__4h_ema15_dist0.000__short_cand_088_ETH_USDT__4h_ema15_dist0.000,2,2.6910775929132273,long,BTC/USDT,2025-07-31 04:00:00,2025-08-01 08:00:00,118466.15,114275.10540753731,0.0023860399905990862,2794.0297283084524,114275.10540753731,124054.2094566169,128245.25404907958,-10.000000000000012,1,1.1666666666666667,stop_loss,False
48,combined__cand_002_AVAX_USDT__4h_ema15_dist0.000__short_cand_088_ETH_USDT__4h_ema20_dist0.000,combined__cand_002_AVAX_USDT__4h_ema15_dist0.000__short_cand_088_ETH_USDT__4h_ema20_dist0.000|combined__cand_002_AVAX_USDT__4h_ema15_dist0.000__short_cand_088_ETH_USDT__4h_ema15_dist0.000,2,2.6910775929132273,long,BTC/USDT,2025-08-07 04:00:00,2025-08-14 00:00:00,114546.03,124037.06174539003,0.002458461204143244,2711.7233558257235,110478.44496626142,119969.47671165144,124037.06174539003,18.33333333333333,2,6.833333333333333,tp2_final,True
50,combined__cand_002_AVAX_USDT__4h_ema15_dist0.008__short_cand_088_ETH_USDT__4h_ema20_dist0.000,combined__cand_002_AVAX_USDT__4h_ema15_dist0.008__short_cand_088_ETH_USDT__4h_ema20_dist0.000|combined__cand_002_AVAX_USDT__4h_ema15_dist0.000__short_cand_088_ETH_USDT__4h_ema20_dist0.000|combined__cand_002_AVAX_USDT__4h_ema15_dist0.008__short_cand_088_ETH_USDT__4h_ema15_dist0.000|combined__cand_002_AVAX_USDT__4h_ema15_dist0.000__short_cand_088_ETH_USDT__4h_ema15_dist0.000|combined__cand_002_AVAX_USDT__4h_ema15_dist0.008__short_cand_076_ETH_USDT__4h_ema15_dist0.000,5,2.7372405860341122,long,ADA/USDT,2025-08-08 00:00:00,2025-08-14 00:00:00,0.7874,0.9626413439092328,133.1497055022527,0.05006895540263795,0.712296566896043,0.8875379108052759,0.9626413439092328,18.333333333333336,2,6.0,tp2_final,True
51,combined__cand_002_AVAX_USDT__4h_ema15_dist0.008__short_cand_088_ETH_USDT__4h_ema20_dist0.000,combined__cand_002_AVAX_USDT__4h_ema15_dist0.008__short_cand_088_ETH_USDT__4h_ema20_dist0.000|combined__cand_002_AVAX_USDT__4h_ema15_dist0.000__short_cand_088_ETH_USDT__4h_ema20_dist0.000|combined__cand_002_AVAX_USDT__4h_ema15_dist0.008__short_cand_088_ETH_USDT__4h_ema15_dist0.000|combined__cand_002_AVAX_USDT__4h_ema15_dist0.000__short_cand_088_ETH_USDT__4h_ema15_dist0.000|combined__cand_002_AVAX_USDT__4h_ema15_dist0.008__short_cand_076_ETH_USDT__4h_ema15_dist0.000,5,2.7372405860341122,long,XRP/USDT,2025-08-09 00:00:00,2025-08-18 00:00:00,3.2858,2.984830979092913,33.22601100226565,0.20064601393805814,2.984830979092913,3.6870920278761163,3.9880610487832033,-9.999999999999993,1,9.0,stop_loss,False
49,combined__cand_002_AVAX_USDT__4h_ema15_dist0.008__short_cand_088_ETH_USDT__4h_ema20_dist0.000,combined__cand_002_AVAX_USDT__4h_ema15_dist0.008__short_cand_088_ETH_USDT__4h_ema20_dist0.000|combined__cand_002_AVAX_USDT__4h_ema15_dist0.000__short_cand_088_ETH_USDT__4h_ema20_dist0.000|combined__cand_002_AVAX_USDT__4h_ema15_dist0.008__short_cand_088_ETH_USDT__4h_ema15_dist0.000|combined__cand_002_AVAX_USDT__4h_ema15_dist0.000__short_cand_088_ETH_USDT__4h_ema15_dist0.000|combined__cand_002_AVAX_USDT__4h_ema15_dist0.008__short_cand_076_ETH_USDT__4h_ema15_dist0.000,5,2.7372405860341122,long,AVAX/USDT,2025-08-08 00:00:00,2025-08-25 00:00:00,23.35,23.35,4.338673076326162,1.5365681048989681,21.04514784265155,26.42313620979794,28.727988367146388,6.666666666666669,2,17.0,stop_loss,True
52,combined__cand_002_AVAX_USDT__4h_ema15_dist0.008__short_cand_088_ETH_USDT__4h_ema20_dist0.000,combined__cand_002_AVAX_USDT__4h_ema15_dist0.008__short_cand_088_ETH_USDT__4h_ema20_dist0.000|combined__cand_002_AVAX_USDT__4h_ema15_dist0.000__short_cand_088_ETH_USDT__4h_ema20_dist0.000|combined__cand_002_AVAX_USDT__4h_ema15_dist0.008__short_cand_088_ETH_USDT__4h_ema15_dist0.000|combined__cand_002_AVAX_USDT__4h_ema15_dist0.000__short_cand_088_ETH_USDT__4h_ema15_dist0.000|combined__cand_002_AVAX_USDT__4h_ema15_dist0.008__short_cand_076_ETH_USDT__4h_ema15_dist0.000,5,2.7372405860341122,long,AVAX/USDT,2025-09-03 00:00:00,2025-09-13 00:00:00,24.47,30.023207481520075,4.2017758945585655,1.5866307090057357,22.090053936491394,27.64326141801147,30.023207481520075,18.333333333333332,2,10.0,tp2_final,True
55,combined__cand_002_AVAX_USDT__4h_ema15_dist0.008__short_cand_088_ETH_USDT__4h_ema20_dist0.000,combined__cand_002_AVAX_USDT__4h_ema15_dist0.008__short_cand_088_ETH_USDT__4h_ema20_dist0.000|combined__cand_002_AVAX_USDT__4h_ema15_dist0.000__short_cand_088_ETH_USDT__4h_ema20_dist0.000|combined__cand_002_AVAX_USDT__4h_ema15_dist0.008__short_cand_088_ETH_USDT__4h_ema15_dist0.000|combined__cand_002_AVAX_USDT__4h_ema15_dist0.000__short_cand_088_ETH_USDT__4h_ema15_dist0.000|combined__cand_002_AVAX_USDT__4h_ema15_dist0.008__short_cand_076_ETH_USDT__4h_ema15_dist0.000,5,2.7372405860341122,long,ETH/USDT,2025-09-13 04:00:00,2025-09-16 12:00:00,4756.8,4460.462944879292,0.03374535795372151,197.55803674713883,4460.462944879292,5151.916073494278,5448.253128614986,-9.999999999999996,1,3.3333333333333335,stop_loss,False
56,combined__cand_002_AVAX_USDT__4h_ema15_dist0.008__short_cand_088_ETH_USDT__4h_ema20_dist0.000,combined__cand_002_AVAX_USDT__4h_ema15_dist0.008__short_cand_088_ETH_USDT__4h_ema20_dist0.000|combined__cand_002_AVAX_USDT__4h_ema15_dist0.000__short_cand_088_ETH_USDT__4h_ema20_dist0.000|combined__cand_002_AVAX_USDT__4h_ema15_dist0.008__short_cand_088_ETH_USDT__4h_ema15_dist0.000|combined__cand_002_AVAX_USDT__4h_ema15_dist0.000__short_cand_088_ETH_USDT__4h_ema15_dist0.000|combined__cand_002_AVAX_USDT__4h_ema15_dist0.008__short_cand_076_ETH_USDT__4h_ema15_dist0.000,5,2.7372405860341122,short,TON/USDT,2025-09-20 00:00:00,2025-09-22 00:00:00,3.107,2.750651772335669,65.47902170377175,0.10181377933266603,3.259720668998999,2.903372441334668,2.750651772335669,18.333333333333336,2,2.0,tp2_final,True
54,combined__cand_002_AVAX_USDT__4h_ema15_dist0.008__short_cand_088_ETH_USDT__4h_ema20_dist0.000,combined__cand_002_AVAX_USDT__4h_ema15_dist0.008__short_cand_088_ETH_USDT__4h_ema20_dist0.000|combined__cand_002_AVAX_USDT__4h_ema15_dist0.000__short_cand_088_ETH_USDT__4h_ema20_dist0.000|combined__cand_002_AVAX_USDT__4h_ema15_dist0.008__short_cand_088_ETH_USDT__4h_ema15_dist0.000|combined__cand_002_AVAX_USDT__4h_ema15_dist0.000__short_cand_088_ETH_USDT__4h_ema15_dist0.000|combined__cand_002_AVAX_USDT__4h_ema15_dist0.008__short_cand_076_ETH_USDT__4h_ema15_dist0.000,5,2.7372405860341122,long,ADA/USDT,2025-09-13 00:00:00,2025-09-22 00:00:00,0.917,0.8486404113547369,146.28525709674437,0.04557305909684207,0.8486404113547369,1.0081461181936842,1.0765057068389472,-10.000000000000007,1,9.0,stop_loss,False
57,combined__cand_002_AVAX_USDT__4h_ema15_dist0.008__short_cand_088_ETH_USDT__4h_ema20_dist0.000,combined__cand_002_AVAX_USDT__4h_ema15_dist0.008__short_cand_088_ETH_USDT__4h_ema20_dist0.000|combined__cand_002_AVAX_USDT__4h_ema15_dist0.000__short_cand_088_ETH_USDT__4h_ema20_dist0.000|combined__cand_002_AVAX_USDT__4h_ema15_dist0.008__short_cand_088_ETH_USDT__4h_ema15_dist0.000|combined__cand_002_AVAX_USDT__4h_ema15_dist0.000__short_cand_088_ETH_USDT__4h_ema15_dist0.000,4,2.742754013437576,short,XRP/USDT,2025-09-21 00:00:00,2025-09-22 00:00:00,2.975,2.975,58.85835941648501,0.1132662672347519,3.144899400852128,2.748467465530496,2.578568064678368,6.666666666666671,2,1.0,stop_loss,True
53,combined__cand_002_AVAX_USDT__4h_ema15_dist0.000__short_cand_088_ETH_USDT__4h_ema20_dist0.000,combined__cand_002_AVAX_USDT__4h_ema15_dist0.000__short_cand_088_ETH_USDT__4h_ema20_dist0.000|combined__cand_002_AVAX_USDT__4h_ema15_dist0.000__short_cand_088_ETH_USDT__4h_ema15_dist0.000,2,2.6910775929132273,long,LINK/USDT,2025-09-03 04:00:00,2025-09-22 04:00:00,23.41,20.795134891672337,3.8242890496158326,1.7432434055517756,20.795134891672337,26.89648681110355,29.511351919431213,-10.0,1,19.0,stop_loss,False
58,combined__cand_002_AVAX_USDT__4h_ema15_dist0.008__short_cand_088_ETH_USDT__4h_ema20_dist0.000,combined__cand_002_AVAX_USDT__4h_ema15_dist0.008__short_cand_088_ETH_USDT__4h_ema20_dist0.000|combined__cand_002_AVAX_USDT__4h_ema15_dist0.000__short_cand_088_ETH_USDT__4h_ema20_dist0.000|combined__cand_002_AVAX_USDT__4h_ema15_dist0.008__short_cand_088_ETH_USDT__4h_ema15_dist0.000|combined__cand_002_AVAX_USDT__4h_ema15_dist0.000__short_cand_088_ETH_USDT__4h_ema15_dist0.000|combined__cand_002_AVAX_USDT__4h_ema15_dist0.008__short_cand_076_ETH_USDT__4h_ema15_dist0.000,5,2.7372405860341122,short,BTC/USDT,2025-09-22 04:00:00,2025-09-30 00:00:00,114649.89,114649.89,0.0029594145303363313,2252.6978219266275,118028.93673288994,110144.49435614675,106765.4476232568,6.666666666666656,2,7.833333333333333,stop_loss,True
60,combined__cand_002_AVAX_USDT__4h_ema15_dist0.008__short_cand_088_ETH_USDT__4h_ema20_dist0.000,combined__cand_002_AVAX_USDT__4h_ema15_dist0.008__short_cand_088_ETH_USDT__4h_ema20_dist0.000|combined__cand_002_AVAX_USDT__4h_ema15_dist0.000__short_cand_088_ETH_USDT__4h_ema20_dist0.000|combined__cand_002_AVAX_USDT__4h_ema15_dist0.008__short_cand_088_ETH_USDT__4h_ema15_dist0.000|combined__cand_002_AVAX_USDT__4h_ema15_dist0.000__short_cand_088_ETH_USDT__4h_ema15_dist0.000|combined__cand_002_AVAX_USDT__4h_ema15_dist0.008__short_cand_076_ETH_USDT__4h_ema15_dist0.000,5,2.7372405860341122,long,ADA/USDT,2025-10-03 00:00:00,2025-10-09 00:00:00,0.8706,0.8060835826879036,154.99930741078293,0.043010944874730984,0.8060835826879036,0.956621889749462,1.0211383070615585,-9.999999999999996,1,6.0,stop_loss,False
59,combined__cand_002_AVAX_USDT__4h_ema15_dist0.008__short_cand_088_ETH_USDT__4h_ema20_dist0.000,combined__cand_002_AVAX_USDT__4h_ema15_dist0.008__short_cand_088_ETH_USDT__4h_ema20_dist0.000|combined__cand_002_AVAX_USDT__4h_ema15_dist0.000__short_cand_088_ETH_USDT__4h_ema20_dist0.000|combined__cand_002_AVAX_USDT__4h_ema15_dist0.008__short_cand_088_ETH_USDT__4h_ema15_dist0.000|combined__cand_002_AVAX_USDT__4h_ema15_dist0.000__short_cand_088_ETH_USDT__4h_ema15_dist0.000|combined__cand_002_AVAX_USDT__4h_ema15_dist0.008__short_cand_076_ETH_USDT__4h_ema15_dist0.000,5,2.7372405860341122,short,XRP/USDT,2025-09-25 00:00:00,2025-10-10 00:00:00,2.9257,2.4844026732423696,52.87440444013497,0.12608495050218005,3.11482742575327,2.6735300989956396,2.4844026732423696,18.333333333333343,2,15.0,tp2_final,True
61,combined__cand_002_AVAX_USDT__4h_ema15_dist0.008__short_cand_088_ETH_USDT__4h_ema20_dist0.000,combined__cand_002_AVAX_USDT__4h_ema15_dist0.008__short_cand_088_ETH_USDT__4h_ema20_dist0.000|combined__cand_002_AVAX_USDT__4h_ema15_dist0.000__short_cand_088_ETH_USDT__4h_ema20_dist0.000|combined__cand_002_AVAX_USDT__4h_ema15_dist0.008__short_cand_088_ETH_USDT__4h_ema15_dist0.000|combined__cand_002_AVAX_USDT__4h_ema15_dist0.000__short_cand_088_ETH_USDT__4h_ema15_dist0.000|combined__cand_002_AVAX_USDT__4h_ema15_dist0.008__short_cand_076_ETH_USDT__4h_ema15_dist0.000,5,2.7372405860341122,long,ETH/USDT,2025-10-03 04:00:00,2025-10-10 12:00:00,4500.59,4234.590317720212,0.037594029866101934,177.3331215198591,4234.590317720212,4855.256243039718,5121.255925319507,-9.999999999999991,1,7.333333333333333,stop_loss,False
62,combined__cand_002_AVAX_USDT__4h_ema15_dist0.008__short_cand_088_ETH_USDT__4h_ema20_dist0.000,combined__cand_002_AVAX_USDT__4h_ema15_dist0.008__short_cand_088_ETH_USDT__4h_ema20_dist0.000|combined__cand_002_AVAX_USDT__4h_ema15_dist0.000__short_cand_088_ETH_USDT__4h_ema20_dist0.000|combined__cand_002_AVAX_USDT__4h_ema15_dist0.008__short_cand_088_ETH_USDT__4h_ema15_dist0.000|combined__cand_002_AVAX_USDT__4h_ema15_dist0.000__short_cand_088_ETH_USDT__4h_ema15_dist0.000|combined__cand_002_AVAX_USDT__4h_ema15_dist0.008__short_cand_076_ETH_USDT__4h_ema15_dist0.000,5,2.7372405860341122,long,SOL/USDT,2025-10-03 04:00:00,2025-10-10 12:00:00,232.26,214.27805200346958,0.5561132754876994,11.987965331020273,214.27805200346958,256.2359306620405,274.21787865857095,-10.0,1,7.333333333333333,stop_loss,False
63,combined__cand_002_AVAX_USDT__4h_ema15_dist0.008__short_cand_088_ETH_USDT__4h_ema20_dist0.000,combined__cand_002_AVAX_USDT__4h_ema15_dist0.008__short_cand_088_ETH_USDT__4h_ema20_dist0.000|combined__cand_002_AVAX_USDT__4h_ema15_dist0.000__short_cand_088_ETH_USDT__4h_ema20_dist0.000|combined__cand_002_AVAX_USDT__4h_ema15_dist0.008__short_cand_088_ETH_USDT__4h_ema15_dist0.000|combined__cand_002_AVAX_USDT__4h_ema15_dist0.000__short_cand_088_ETH_USDT__4h_ema15_dist0.000|combined__cand_002_AVAX_USDT__4h_ema15_dist0.008__short_cand_076_ETH_USDT__4h_ema15_dist0.000,5,2.7372405860341122,short,LINK/USDT,2025-10-09 04:00:00,2025-10-10 20:00:00,22.26,17.721584449061016,5.141295033793397,1.296690157411139,24.20503523611671,19.666619685177725,17.721584449061016,18.33333333333333,2,1.6666666666666667,tp2_final,True
65,combined__cand_002_AVAX_USDT__4h_ema15_dist0.008__short_cand_088_ETH_USDT__4h_ema20_dist0.000,combined__cand_002_AVAX_USDT__4h_ema15_dist0.008__short_cand_088_ETH_USDT__4h_ema20_dist0.000|combined__cand_002_AVAX_USDT__4h_ema15_dist0.000__short_cand_088_ETH_USDT__4h_ema20_dist0.000,2,2.7597186071348316,short,ETH/USDT,2025-11-02 04:00:00,2025-11-04 20:00:00,3880.62,3194.73170395316,0.034019144907146616,195.9680845848115,4174.572126877217,3488.683830830377,3194.73170395316,18.333333333333332,2,2.6666666666666665,tp2_final,True
64,combined__cand_002_AVAX_USDT__4h_ema15_dist0.008__short_cand_088_ETH_USDT__4h_ema20_dist0.000,combined__cand_002_AVAX_USDT__4h_ema15_dist0.008__short_cand_088_ETH_USDT__4h_ema20_dist0.000|combined__cand_002_AVAX_USDT__4h_ema15_dist0.000__short_cand_088_ETH_USDT__4h_ema20_dist0.000|combined__cand_002_AVAX_USDT__4h_ema15_dist0.008__short_cand_088_ETH_USDT__4h_ema15_dist0.000|combined__cand_002_AVAX_USDT__4h_ema15_dist0.000__short_cand_088_ETH_USDT__4h_ema15_dist0.000|combined__cand_002_AVAX_USDT__4h_ema15_dist0.008__short_cand_076_ETH_USDT__4h_ema15_dist0.000,5,2.7372405860341122,short,BTC/USDT,2025-10-12 04:00:00,2025-11-14 12:00:00,110676.0,95587.01892201575,0.0015463823045929915,4311.137450852644,117142.70617627897,102053.72509829472,95587.01892201575,18.33333333333333,2,33.333333333333336,tp2_final,True
67,combined__cand_002_AVAX_USDT__4h_ema15_dist0.008__short_cand_088_ETH_USDT__4h_ema20_dist0.000,combined__cand_002_AVAX_USDT__4h_ema15_dist0.008__short_cand_088_ETH_USDT__4h_ema20_dist0.000|combined__cand_002_AVAX_USDT__4h_ema15_dist0.000__short_cand_088_ETH_USDT__4h_ema20_dist0.000|combined__cand_002_AVAX_USDT__4h_ema15_dist0.008__short_cand_088_ETH_USDT__4h_ema15_dist0.000|combined__cand_002_AVAX_USDT__4h_ema15_dist0.000__short_cand_088_ETH_USDT__4h_ema15_dist0.000,4,2.742754013437576,short,TON/USDT,2025-11-10 00:00:00,2025-11-20 00:00:00,2.109,1.5665972831068122,43.018466918793536,0.15497220482662508,2.3414583072399378,1.7990555903467498,1.5665972831068122,18.333333333333336,2,10.0,tp2_final,True
68,combined__cand_002_AVAX_USDT__4h_ema15_dist0.008__short_cand_088_ETH_USDT__4h_ema20_dist0.000,combined__cand_002_AVAX_USDT__4h_ema15_dist0.008__short_cand_088_ETH_USDT__4h_ema20_dist0.000|combined__cand_002_AVAX_USDT__4h_ema15_dist0.000__short_cand_088_ETH_USDT__4h_ema20_dist0.000,2,2.7597186071348316,short,DOGE/USDT,2025-11-11 00:00:00,2025-12-01 00:00:00,0.18178,0.13250760363906094,473.5579159253346,0.014077827531696868,0.2028967412975453,0.15362434493660626,0.13250760363906094,18.333333333333336,2,20.0,tp2_final,True
69,combined__cand_002_AVAX_USDT__4h_ema15_dist0.008__short_cand_088_ETH_USDT__4h_ema20_dist0.000,combined__cand_002_AVAX_USDT__4h_ema15_dist0.008__short_cand_088_ETH_USDT__4h_ema20_dist0.000|combined__cand_002_AVAX_USDT__4h_ema15_dist0.000__short_cand_088_ETH_USDT__4h_ema20_dist0.000,2,2.7597186071348316,short,AVAX/USDT,2025-12-05 00:00:00,2026-01-03 00:00:00,14.4,14.4,6.441879150510817,1.0348947117609346,15.952342067641402,12.33021057647813,10.777868508836729,6.66666666666667,2,29.0,stop_loss,True
66,combined__cand_002_AVAX_USDT__4h_ema15_dist0.008__short_cand_088_ETH_USDT__4h_ema20_dist0.000,combined__cand_002_AVAX_USDT__4h_ema15_dist0.008__short_cand_088_ETH_USDT__4h_ema20_dist0.000|combined__cand_002_AVAX_USDT__4h_ema15_dist0.000__short_cand_088_ETH_USDT__4h_ema20_dist0.000|combined__cand_002_AVAX_USDT__4h_ema15_dist0.008__short_cand_088_ETH_USDT__4h_ema15_dist0.000|combined__cand_002_AVAX_USDT__4h_ema15_dist0.000__short_cand_088_ETH_USDT__4h_ema15_dist0.000|combined__cand_002_AVAX_USDT__4h_ema15_dist0.008__short_cand_076_ETH_USDT__4h_ema15_dist0.000,5,2.7372405860341122,short,XRP/USDT,2025-11-10 00:00:00,2026-01-05 00:00:00,2.3662,2.3662,38.6540378620655,0.17247012305561055,2.624905184583416,2.021259753888779,1.762554569305363,6.666666666666664,2,56.0,stop_loss,True
71,combined__cand_002_AVAX_USDT__4h_ema15_dist0.008__short_cand_088_ETH_USDT__4h_ema20_dist0.000,combined__cand_002_AVAX_USDT__4h_ema15_dist0.008__short_cand_088_ETH_USDT__4h_ema20_dist0.000|combined__cand_002_AVAX_USDT__4h_ema15_dist0.000__short_cand_088_ETH_USDT__4h_ema20_dist0.000|combined__cand_002_AVAX_USDT__4h_ema15_dist0.008__short_cand_088_ETH_USDT__4h_ema15_dist0.000|combined__cand_002_AVAX_USDT__4h_ema15_dist0.000__short_cand_088_ETH_USDT__4h_ema15_dist0.000|combined__cand_002_AVAX_USDT__4h_ema15_dist0.008__short_cand_076_ETH_USDT__4h_ema15_dist0.000,5,2.7372405860341122,short,SOL/USDT,2025-12-11 04:00:00,2026-01-06 12:00:00,129.39,143.36819212183616,0.7154000970110009,9.318794747890776,143.36819212183616,110.75241050421843,96.77421838238227,-10.000000000000007,1,26.333333333333332,stop_loss,False
73,combined__cand_002_AVAX_USDT__4h_ema15_dist0.008__short_cand_088_ETH_USDT__4h_ema20_dist0.000,combined__cand_002_AVAX_USDT__4h_ema15_dist0.008__short_cand_088_ETH_USDT__4h_ema20_dist0.000|combined__cand_002_AVAX_USDT__4h_ema15_dist0.000__short_cand_088_ETH_USDT__4h_ema20_dist0.000|combined__cand_002_AVAX_USDT__4h_ema15_dist0.008__short_cand_088_ETH_USDT__4h_ema15_dist0.000|combined__cand_002_AVAX_USDT__4h_ema15_dist0.000__short_cand_088_ETH_USDT__4h_ema15_dist0.000,4,2.742754013437576,short,DOGE/USDT,2026-01-12 00:00:00,2026-01-13 00:00:00,0.13801,0.14952170245031896,868.6812435568919,0.007674468300212644,0.14952170245031896,0.12266106339957471,0.11114936094925573,-9.999999999999995,1,1.0,stop_loss,False
72,combined__cand_002_AVAX_USDT__4h_ema15_dist0.008__short_cand_088_ETH_USDT__4h_ema20_dist0.000,combined__cand_002_AVAX_USDT__4h_ema15_dist0.008__short_cand_088_ETH_USDT__4h_ema20_dist0.000|combined__cand_002_AVAX_USDT__4h_ema15_dist0.000__short_cand_088_ETH_USDT__4h_ema20_dist0.000|combined__cand_002_AVAX_USDT__4h_ema15_dist0.008__short_cand_088_ETH_USDT__4h_ema15_dist0.000|combined__cand_002_AVAX_USDT__4h_ema15_dist0.000__short_cand_088_ETH_USDT__4h_ema15_dist0.000,4,2.742754013437576,short,ETH/USDT,2026-01-10 04:00:00,2026-01-13 20:00:00,3086.51,3253.929361489627,0.059730248108846154,111.61290765975106,3253.929361489627,2863.284184680498,2695.8648231908714,-10.000000000000005,1,3.6666666666666665,stop_loss,False
70,combined__cand_002_AVAX_USDT__4h_ema15_dist0.008__short_cand_088_ETH_USDT__4h_ema20_dist0.000,combined__cand_002_AVAX_USDT__4h_ema15_dist0.008__short_cand_088_ETH_USDT__4h_ema20_dist0.000|combined__cand_002_AVAX_USDT__4h_ema15_dist0.000__short_cand_088_ETH_USDT__4h_ema20_dist0.000|combined__cand_002_AVAX_USDT__4h_ema15_dist0.008__short_cand_088_ETH_USDT__4h_ema15_dist0.000|combined__cand_002_AVAX_USDT__4h_ema15_dist0.000__short_cand_088_ETH_USDT__4h_ema15_dist0.000|combined__cand_002_AVAX_USDT__4h_ema15_dist0.008__short_cand_076_ETH_USDT__4h_ema15_dist0.000,5,2.7372405860341122,short,BNB/USDT,2025-12-06 00:00:00,2026-01-14 00:00:00,883.57,954.0872925318163,0.14180918808656992,47.01152835454415,954.0872925318163,789.5469432909117,719.0296507590956,-10.0,1,39.0,stop_loss,False
77,combined__cand_002_AVAX_USDT__4h_ema15_dist0.008__short_cand_088_ETH_USDT__4h_ema20_dist0.000,combined__cand_002_AVAX_USDT__4h_ema15_dist0.008__short_cand_088_ETH_USDT__4h_ema20_dist0.000|combined__cand_002_AVAX_USDT__4h_ema15_dist0.000__short_cand_088_ETH_USDT__4h_ema20_dist0.000|combined__cand_002_AVAX_USDT__4h_ema15_dist0.008__short_cand_088_ETH_USDT__4h_ema15_dist0.000|combined__cand_002_AVAX_USDT__4h_ema15_dist0.000__short_cand_088_ETH_USDT__4h_ema15_dist0.000|combined__cand_002_AVAX_USDT__4h_ema15_dist0.008__short_cand_076_ETH_USDT__4h_ema15_dist0.000,5,2.7372405860341122,short,BTC/USDT,2026-01-23 04:00:00,2026-01-30 00:00:00,89924.78,81188.23122976563,0.0026707724007482845,2496.156791495536,93669.0151872433,84932.46641700892,81188.23122976563,18.33333333333333,2,6.833333333333333,tp2_final,True
74,combined__cand_002_AVAX_USDT__4h_ema15_dist0.008__short_cand_088_ETH_USDT__4h_ema15_dist0.000,combined__cand_002_AVAX_USDT__4h_ema15_dist0.008__short_cand_088_ETH_USDT__4h_ema15_dist0.000|combined__cand_002_AVAX_USDT__4h_ema15_dist0.000__short_cand_088_ETH_USDT__4h_ema15_dist0.000|combined__cand_002_AVAX_USDT__4h_ema15_dist0.008__short_cand_076_ETH_USDT__4h_ema15_dist0.000,3,2.7222552386336325,short,XRP/USDT,2026-01-13 00:00:00,2026-01-31 00:00:00,2.0541,1.704031672943983,66.65365452956159,0.10001952201600485,2.2041292830240073,1.8540609559679904,1.704031672943983,18.333333333333336,2,18.0,tp2_final,True
75,combined__cand_002_AVAX_USDT__4h_ema15_dist0.008__short_cand_088_ETH_USDT__4h_ema20_dist0.000,combined__cand_002_AVAX_USDT__4h_ema15_dist0.008__short_cand_088_ETH_USDT__4h_ema20_dist0.000|combined__cand_002_AVAX_USDT__4h_ema15_dist0.000__short_cand_088_ETH_USDT__4h_ema20_dist0.000|combined__cand_002_AVAX_USDT__4h_ema15_dist0.008__short_cand_088_ETH_USDT__4h_ema15_dist0.000|combined__cand_002_AVAX_USDT__4h_ema15_dist0.000__short_cand_088_ETH_USDT__4h_ema15_dist0.000,4,2.742754013437576,short,DOGE/USDT,2026-01-17 00:00:00,2026-01-31 00:00:00,0.13813,0.110742978520728,851.9850671236107,0.007824863279792003,0.149867294919688,0.122480273440416,0.110742978520728,18.333333333333332,2,14.0,tp2_final,True
76,combined__cand_002_AVAX_USDT__4h_ema15_dist0.008__short_cand_088_ETH_USDT__4h_ema20_dist0.000,combined__cand_002_AVAX_USDT__4h_ema15_dist0.008__short_cand_088_ETH_USDT__4h_ema20_dist0.000|combined__cand_002_AVAX_USDT__4h_ema15_dist0.000__short_cand_088_ETH_USDT__4h_ema20_dist0.000|combined__cand_002_AVAX_USDT__4h_ema15_dist0.008__short_cand_088_ETH_USDT__4h_ema15_dist0.000|combined__cand_002_AVAX_USDT__4h_ema15_dist0.000__short_cand_088_ETH_USDT__4h_ema15_dist0.000|combined__cand_002_AVAX_USDT__4h_ema15_dist0.008__short_cand_076_ETH_USDT__4h_ema15_dist0.000,5,2.7372405860341122,short,BNB/USDT,2026-01-23 00:00:00,2026-01-31 00:00:00,888.06,793.9638384273435,0.24797327482180526,26.884617592187563,928.3869263882813,834.2907648156248,793.9638384273435,18.333333333333336,2,8.0,tp2_final,True
79,combined__cand_002_AVAX_USDT__4h_ema15_dist0.008__short_cand_088_ETH_USDT__4h_ema20_dist0.000,combined__cand_002_AVAX_USDT__4h_ema15_dist0.008__short_cand_088_ETH_USDT__4h_ema20_dist0.000|combined__cand_002_AVAX_USDT__4h_ema15_dist0.000__short_cand_088_ETH_USDT__4h_ema20_dist0.000|combined__cand_002_AVAX_USDT__4h_ema15_dist0.008__short_cand_088_ETH_USDT__4h_ema15_dist0.000|combined__cand_002_AVAX_USDT__4h_ema15_dist0.000__short_cand_088_ETH_USDT__4h_ema15_dist0.000|combined__cand_002_AVAX_USDT__4h_ema15_dist0.008__short_cand_076_ETH_USDT__4h_ema15_dist0.000,5,2.7372405860341122,short,LINK/USDT,2026-02-28 04:00:00,2026-03-04 16:00:00,8.69,9.612375657431855,10.84156972208343,0.6149171049545702,9.612375657431855,7.460165790090859,6.537790132659004,-10.0,1,4.5,stop_loss,False
78,combined__cand_002_AVAX_USDT__4h_ema15_dist0.008__short_cand_088_ETH_USDT__4h_ema20_dist0.000,combined__cand_002_AVAX_USDT__4h_ema15_dist0.008__short_cand_088_ETH_USDT__4h_ema20_dist0.000|combined__cand_002_AVAX_USDT__4h_ema15_dist0.000__short_cand_088_ETH_USDT__4h_ema20_dist0.000,2,2.7597186071348316,short,XRP/USDT,2026-02-26 00:00:00,2026-03-17 00:00:00,1.4338,1.5842855818170969,66.45154890755047,0.10032372121139792,1.5842855818170969,1.2331525575772042,1.0826669757601073,-10.000000000000005,1,19.0,stop_loss,False
82,combined__cand_002_AVAX_USDT__4h_ema15_dist0.008__short_cand_088_ETH_USDT__4h_ema20_dist0.000,combined__cand_002_AVAX_USDT__4h_ema15_dist0.008__short_cand_088_ETH_USDT__4h_ema20_dist0.000|combined__cand_002_AVAX_USDT__4h_ema15_dist0.000__short_cand_088_ETH_USDT__4h_ema20_dist0.000|combined__cand_002_AVAX_USDT__4h_ema15_dist0.008__short_cand_088_ETH_USDT__4h_ema15_dist0.000|combined__cand_002_AVAX_USDT__4h_ema15_dist0.000__short_cand_088_ETH_USDT__4h_ema15_dist0.000|combined__cand_002_AVAX_USDT__4h_ema15_dist0.008__short_cand_076_ETH_USDT__4h_ema15_dist0.000,5,2.7372405860341122,long,LINK/USDT,2026-03-18 04:00:00,2026-03-18 16:00:00,9.89,9.094752691071065,12.574704607888982,0.5301648726192904,9.094752691071065,10.950329745238582,11.745577054167518,-10.0,1,0.5,stop_loss,False
84,combined__cand_002_AVAX_USDT__4h_ema15_dist0.008__short_cand_088_ETH_USDT__4h_ema20_dist0.000,combined__cand_002_AVAX_USDT__4h_ema15_dist0.008__short_cand_088_ETH_USDT__4h_ema20_dist0.000|combined__cand_002_AVAX_USDT__4h_ema15_dist0.000__short_cand_088_ETH_USDT__4h_ema20_dist0.000|combined__cand_002_AVAX_USDT__4h_ema15_dist0.008__short_cand_088_ETH_USDT__4h_ema15_dist0.000|combined__cand_002_AVAX_USDT__4h_ema15_dist0.000__short_cand_088_ETH_USDT__4h_ema15_dist0.000,4,2.742754013437576,short,AVAX/USDT,2026-03-21 00:00:00,2026-03-31 00:00:00,9.57,8.78,12.933109254399449,0.5154728484489428,10.343209272673414,8.539054303102114,7.7658450304287,11.775244822154459,2,10.0,final_bar_close,True
81,combined__cand_002_AVAX_USDT__4h_ema15_dist0.008__short_cand_088_ETH_USDT__4h_ema20_dist0.000,combined__cand_002_AVAX_USDT__4h_ema15_dist0.008__short_cand_088_ETH_USDT__4h_ema20_dist0.000|combined__cand_002_AVAX_USDT__4h_ema15_dist0.000__short_cand_088_ETH_USDT__4h_ema20_dist0.000|combined__cand_002_AVAX_USDT__4h_ema15_dist0.008__short_cand_088_ETH_USDT__4h_ema15_dist0.000|combined__cand_002_AVAX_USDT__4h_ema15_dist0.000__short_cand_088_ETH_USDT__4h_ema15_dist0.000|combined__cand_002_AVAX_USDT__4h_ema15_dist0.008__short_cand_076_ETH_USDT__4h_ema15_dist0.000,5,2.7372405860341122,short,TON/USDT,2026-03-14 00:00:00,2026-03-31 00:00:00,1.312,1.217,105.94512225106936,0.0629256592943275,1.4063884889414913,1.186148681411345,1.0917601924698537,10.064786613851586,1,17.0,final_bar_close,True
80,combined__cand_002_AVAX_USDT__4h_ema15_dist0.008__short_cand_088_ETH_USDT__4h_ema20_dist0.000,combined__cand_002_AVAX_USDT__4h_ema15_dist0.008__short_cand_088_ETH_USDT__4h_ema20_dist0.000|combined__cand_002_AVAX_USDT__4h_ema15_dist0.000__short_cand_088_ETH_USDT__4h_ema20_dist0.000,2,2.7597186071348316,short,ADA/USDT,2026-03-01 00:00:00,2026-03-31 00:00:00,0.281,0.2413,312.9458887094295,0.021302937367733477,0.31295440605160024,0.23839412526453307,0.20643971921293286,12.878642557548849,2,30.0,final_bar_close,True
83,combined__cand_002_AVAX_USDT__4h_ema15_dist0.008__short_cand_088_ETH_USDT__4h_ema20_dist0.000,combined__cand_002_AVAX_USDT__4h_ema15_dist0.008__short_cand_088_ETH_USDT__4h_ema20_dist0.000|combined__cand_002_AVAX_USDT__4h_ema15_dist0.000__short_cand_088_ETH_USDT__4h_ema20_dist0.000|combined__cand_002_AVAX_USDT__4h_ema15_dist0.008__short_cand_088_ETH_USDT__4h_ema15_dist0.000|combined__cand_002_AVAX_USDT__4h_ema15_dist0.000__short_cand_088_ETH_USDT__4h_ema15_dist0.000,4,2.742754013437576,short,BNB/USDT,2026-03-20 00:00:00,2026-03-31 00:00:00,639.16,606.73,0.26637276953356576,25.027583256127826,676.7013748841918,589.1048334877444,551.5634586035526,8.638468915973524,1,11.0,final_bar_close,True
