trade_id,source_pair_id,support_pair_ids,support_pair_count,side,symbol,entry_dt,exit_dt,entry_price,exit_price,size,pnl,reason
1,combined__cand_002_AVAX_USDT__4h_ema15_dist0.008__short_cand_088_ETH_USDT__4h_ema20_dist0.000,combined__cand_002_AVAX_USDT__4h_ema15_dist0.008__short_cand_088_ETH_USDT__4h_ema20_dist0.000|combined__cand_002_AVAX_USDT__4h_ema15_dist0.000__short_cand_088_ETH_USDT__4h_ema20_dist0.000|combined__cand_002_AVAX_USDT__4h_ema15_dist0.008__short_cand_088_ETH_USDT__4h_ema15_dist0.000|combined__cand_002_AVAX_USDT__4h_ema15_dist0.000__short_cand_088_ETH_USDT__4h_ema15_dist0.000|combined__cand_002_AVAX_USDT__4h_ema15_dist0.008__short_cand_076_ETH_USDT__4h_ema15_dist0.000,5,short,ETH/USDT,2024-10-23 04:00:00,2024-10-25 20:00:00,2616.49,2411.871127554027,0.03258089826698133,6.666666666666661,tp1_scale_out
1,combined__cand_002_AVAX_USDT__4h_ema15_dist0.008__short_cand_088_ETH_USDT__4h_ema20_dist0.000,combined__cand_002_AVAX_USDT__4h_ema15_dist0.008__short_cand_088_ETH_USDT__4h_ema20_dist0.000|combined__cand_002_AVAX_USDT__4h_ema15_dist0.000__short_cand_088_ETH_USDT__4h_ema20_dist0.000|combined__cand_002_AVAX_USDT__4h_ema15_dist0.008__short_cand_088_ETH_USDT__4h_ema15_dist0.000|combined__cand_002_AVAX_USDT__4h_ema15_dist0.000__short_cand_088_ETH_USDT__4h_ema15_dist0.000|combined__cand_002_AVAX_USDT__4h_ema15_dist0.008__short_cand_076_ETH_USDT__4h_ema15_dist0.000,5,short,ETH/USDT,2024-10-23 04:00:00,2024-10-29 00:00:00,2616.49,2616.49,0.03258089826698133,0.0,stop_loss
3,combined__cand_002_AVAX_USDT__4h_ema15_dist0.008__short_cand_088_ETH_USDT__4h_ema20_dist0.000,combined__cand_002_AVAX_USDT__4h_ema15_dist0.008__short_cand_088_ETH_USDT__4h_ema20_dist0.000|combined__cand_002_AVAX_USDT__4h_ema15_dist0.000__short_cand_088_ETH_USDT__4h_ema20_dist0.000|combined__cand_002_AVAX_USDT__4h_ema15_dist0.008__short_cand_088_ETH_USDT__4h_ema15_dist0.000|combined__cand_002_AVAX_USDT__4h_ema15_dist0.000__short_cand_088_ETH_USDT__4h_ema15_dist0.000|combined__cand_002_AVAX_USDT__4h_ema15_dist0.008__short_cand_076_ETH_USDT__4h_ema15_dist0.000,5,short,XRP/USDT,2024-10-30 00:00:00,2024-11-07 00:00:00,0.5285,0.5574383374799413,345.56235329453546,-9.999999999999988,stop_loss
2,combined__cand_002_AVAX_USDT__4h_ema15_dist0.008__short_cand_088_ETH_USDT__4h_ema20_dist0.000,combined__cand_002_AVAX_USDT__4h_ema15_dist0.008__short_cand_088_ETH_USDT__4h_ema20_dist0.000|combined__cand_002_AVAX_USDT__4h_ema15_dist0.000__short_cand_088_ETH_USDT__4h_ema20_dist0.000|combined__cand_002_AVAX_USDT__4h_ema15_dist0.008__short_cand_088_ETH_USDT__4h_ema15_dist0.000|combined__cand_002_AVAX_USDT__4h_ema15_dist0.000__short_cand_088_ETH_USDT__4h_ema15_dist0.000|combined__cand_002_AVAX_USDT__4h_ema15_dist0.008__short_cand_076_ETH_USDT__4h_ema15_dist0.000,5,short,ADA/USDT,2024-10-29 00:00:00,2024-11-07 00:00:00,0.3438,0.3695714271878285,388.0266283709297,-9.999999999999998,stop_loss
4,combined__cand_002_AVAX_USDT__4h_ema15_dist0.008__short_cand_088_ETH_USDT__4h_ema20_dist0.000,combined__cand_002_AVAX_USDT__4h_ema15_dist0.008__short_cand_088_ETH_USDT__4h_ema20_dist0.000|combined__cand_002_AVAX_USDT__4h_ema15_dist0.000__short_cand_088_ETH_USDT__4h_ema20_dist0.000|combined__cand_002_AVAX_USDT__4h_ema15_dist0.008__short_cand_088_ETH_USDT__4h_ema15_dist0.000|combined__cand_002_AVAX_USDT__4h_ema15_dist0.000__short_cand_088_ETH_USDT__4h_ema15_dist0.000|combined__cand_002_AVAX_USDT__4h_ema15_dist0.008__short_cand_076_ETH_USDT__4h_ema15_dist0.000,5,long,AVAX/USDT,2024-11-07 00:00:00,2024-11-09 00:00:00,27.01,30.14540153272696,2.126256110128406,6.666666666666667,tp1_scale_out
6,combined__cand_002_AVAX_USDT__4h_ema15_dist0.008__short_cand_088_ETH_USDT__4h_ema20_dist0.000,combined__cand_002_AVAX_USDT__4h_ema15_dist0.008__short_cand_088_ETH_USDT__4h_ema20_dist0.000|combined__cand_002_AVAX_USDT__4h_ema15_dist0.000__short_cand_088_ETH_USDT__4h_ema20_dist0.000,2,short,TON/USDT,2024-11-08 00:00:00,2024-11-09 00:00:00,4.908,5.2370455170579895,30.390932201144835,-9.999999999999995,stop_loss
5,combined__cand_002_AVAX_USDT__4h_ema15_dist0.008__short_cand_088_ETH_USDT__4h_ema20_dist0.000,combined__cand_002_AVAX_USDT__4h_ema15_dist0.008__short_cand_088_ETH_USDT__4h_ema20_dist0.000|combined__cand_002_AVAX_USDT__4h_ema15_dist0.000__short_cand_088_ETH_USDT__4h_ema20_dist0.000|combined__cand_002_AVAX_USDT__4h_ema15_dist0.008__short_cand_088_ETH_USDT__4h_ema15_dist0.000|combined__cand_002_AVAX_USDT__4h_ema15_dist0.000__short_cand_088_ETH_USDT__4h_ema15_dist0.000|combined__cand_002_AVAX_USDT__4h_ema15_dist0.008__short_cand_076_ETH_USDT__4h_ema15_dist0.000,5,long,BNB/USDT,2024-11-07 00:00:00,2024-11-09 00:00:00,592.22,631.6912816809411,0.1688991687818872,6.666666666666675,tp1_scale_out
4,combined__cand_002_AVAX_USDT__4h_ema15_dist0.008__short_cand_088_ETH_USDT__4h_ema20_dist0.000,combined__cand_002_AVAX_USDT__4h_ema15_dist0.008__short_cand_088_ETH_USDT__4h_ema20_dist0.000|combined__cand_002_AVAX_USDT__4h_ema15_dist0.000__short_cand_088_ETH_USDT__4h_ema20_dist0.000|combined__cand_002_AVAX_USDT__4h_ema15_dist0.008__short_cand_088_ETH_USDT__4h_ema15_dist0.000|combined__cand_002_AVAX_USDT__4h_ema15_dist0.000__short_cand_088_ETH_USDT__4h_ema15_dist0.000|combined__cand_002_AVAX_USDT__4h_ema15_dist0.008__short_cand_076_ETH_USDT__4h_ema15_dist0.000,5,long,AVAX/USDT,2024-11-07 00:00:00,2024-11-10 00:00:00,27.01,32.49695268227218,2.126256110128406,11.666666666666668,tp2_final
5,combined__cand_002_AVAX_USDT__4h_ema15_dist0.008__short_cand_088_ETH_USDT__4h_ema20_dist0.000,combined__cand_002_AVAX_USDT__4h_ema15_dist0.008__short_cand_088_ETH_USDT__4h_ema20_dist0.000|combined__cand_002_AVAX_USDT__4h_ema15_dist0.000__short_cand_088_ETH_USDT__4h_ema20_dist0.000|combined__cand_002_AVAX_USDT__4h_ema15_dist0.008__short_cand_088_ETH_USDT__4h_ema15_dist0.000|combined__cand_002_AVAX_USDT__4h_ema15_dist0.000__short_cand_088_ETH_USDT__4h_ema15_dist0.000|combined__cand_002_AVAX_USDT__4h_ema15_dist0.008__short_cand_076_ETH_USDT__4h_ema15_dist0.000,5,long,BNB/USDT,2024-11-07 00:00:00,2024-11-11 00:00:00,592.22,661.2947429416467,0.1688991687818872,11.66666666666666,tp2_final
7,combined__cand_002_AVAX_USDT__4h_ema15_dist0.008__short_cand_088_ETH_USDT__4h_ema20_dist0.000,combined__cand_002_AVAX_USDT__4h_ema15_dist0.008__short_cand_088_ETH_USDT__4h_ema20_dist0.000|combined__cand_002_AVAX_USDT__4h_ema15_dist0.000__short_cand_088_ETH_USDT__4h_ema20_dist0.000|combined__cand_002_AVAX_USDT__4h_ema15_dist0.008__short_cand_088_ETH_USDT__4h_ema15_dist0.000|combined__cand_002_AVAX_USDT__4h_ema15_dist0.000__short_cand_088_ETH_USDT__4h_ema15_dist0.000|combined__cand_002_AVAX_USDT__4h_ema15_dist0.008__short_cand_076_ETH_USDT__4h_ema15_dist0.000,5,long,TON/USDT,2024-11-11 00:00:00,2024-11-16 00:00:00,5.276,5.778749271611469,13.260420338945323,6.66666666666667,tp1_scale_out
7,combined__cand_002_AVAX_USDT__4h_ema15_dist0.008__short_cand_088_ETH_USDT__4h_ema20_dist0.000,combined__cand_002_AVAX_USDT__4h_ema15_dist0.008__short_cand_088_ETH_USDT__4h_ema20_dist0.000|combined__cand_002_AVAX_USDT__4h_ema15_dist0.000__short_cand_088_ETH_USDT__4h_ema20_dist0.000|combined__cand_002_AVAX_USDT__4h_ema15_dist0.008__short_cand_088_ETH_USDT__4h_ema15_dist0.000|combined__cand_002_AVAX_USDT__4h_ema15_dist0.000__short_cand_088_ETH_USDT__4h_ema15_dist0.000|combined__cand_002_AVAX_USDT__4h_ema15_dist0.008__short_cand_076_ETH_USDT__4h_ema15_dist0.000,5,long,TON/USDT,2024-11-11 00:00:00,2024-11-20 00:00:00,5.276,5.276,13.260420338945323,0.0,stop_loss
8,combined__cand_002_AVAX_USDT__4h_ema15_dist0.008__short_cand_088_ETH_USDT__4h_ema15_dist0.000,combined__cand_002_AVAX_USDT__4h_ema15_dist0.008__short_cand_088_ETH_USDT__4h_ema15_dist0.000|combined__cand_002_AVAX_USDT__4h_ema15_dist0.000__short_cand_088_ETH_USDT__4h_ema15_dist0.000,2,short,TON/USDT,2024-11-21 00:00:00,2024-11-23 00:00:00,5.29,5.753461369753449,21.57677133979855,-9.999999999999995,stop_loss
9,combined__cand_002_AVAX_USDT__4h_ema15_dist0.008__short_cand_088_ETH_USDT__4h_ema20_dist0.000,combined__cand_002_AVAX_USDT__4h_ema15_dist0.008__short_cand_088_ETH_USDT__4h_ema20_dist0.000|combined__cand_002_AVAX_USDT__4h_ema15_dist0.000__short_cand_088_ETH_USDT__4h_ema20_dist0.000|combined__cand_002_AVAX_USDT__4h_ema15_dist0.008__short_cand_088_ETH_USDT__4h_ema15_dist0.000|combined__cand_002_AVAX_USDT__4h_ema15_dist0.000__short_cand_088_ETH_USDT__4h_ema15_dist0.000|combined__cand_002_AVAX_USDT__4h_ema15_dist0.008__short_cand_076_ETH_USDT__4h_ema15_dist0.000,5,long,BNB/USDT,2024-12-03 00:00:00,2024-12-03 00:00:00,647.83,709.9552580173407,0.10731008416586117,6.6666666666666705,tp1_scale_out
9,combined__cand_002_AVAX_USDT__4h_ema15_dist0.008__short_cand_088_ETH_USDT__4h_ema20_dist0.000,combined__cand_002_AVAX_USDT__4h_ema15_dist0.008__short_cand_088_ETH_USDT__4h_ema20_dist0.000|combined__cand_002_AVAX_USDT__4h_ema15_dist0.000__short_cand_088_ETH_USDT__4h_ema20_dist0.000|combined__cand_002_AVAX_USDT__4h_ema15_dist0.008__short_cand_088_ETH_USDT__4h_ema15_dist0.000|combined__cand_002_AVAX_USDT__4h_ema15_dist0.000__short_cand_088_ETH_USDT__4h_ema15_dist0.000|combined__cand_002_AVAX_USDT__4h_ema15_dist0.008__short_cand_076_ETH_USDT__4h_ema15_dist0.000,5,long,BNB/USDT,2024-12-03 00:00:00,2024-12-03 00:00:00,647.83,647.83,0.10731008416586117,0.0,stop_loss
12,combined__cand_002_AVAX_USDT__4h_ema15_dist0.008__short_cand_088_ETH_USDT__4h_ema20_dist0.000,combined__cand_002_AVAX_USDT__4h_ema15_dist0.008__short_cand_088_ETH_USDT__4h_ema20_dist0.000|combined__cand_002_AVAX_USDT__4h_ema15_dist0.000__short_cand_088_ETH_USDT__4h_ema20_dist0.000|combined__cand_002_AVAX_USDT__4h_ema15_dist0.008__short_cand_088_ETH_USDT__4h_ema15_dist0.000|combined__cand_002_AVAX_USDT__4h_ema15_dist0.000__short_cand_088_ETH_USDT__4h_ema15_dist0.000|combined__cand_002_AVAX_USDT__4h_ema15_dist0.008__short_cand_076_ETH_USDT__4h_ema15_dist0.000,5,long,BNB/USDT,2024-12-29 00:00:00,2025-01-13 00:00:00,722.13,664.6228905319914,0.17389154301979004,-9.999999999999991,stop_loss
10,combined__cand_002_AVAX_USDT__4h_ema15_dist0.008__short_cand_088_ETH_USDT__4h_ema20_dist0.000,combined__cand_002_AVAX_USDT__4h_ema15_dist0.008__short_cand_088_ETH_USDT__4h_ema20_dist0.000|combined__cand_002_AVAX_USDT__4h_ema15_dist0.000__short_cand_088_ETH_USDT__4h_ema20_dist0.000|combined__cand_002_AVAX_USDT__4h_ema15_dist0.008__short_cand_088_ETH_USDT__4h_ema15_dist0.000|combined__cand_002_AVAX_USDT__4h_ema15_dist0.000__short_cand_088_ETH_USDT__4h_ema15_dist0.000|combined__cand_002_AVAX_USDT__4h_ema15_dist0.008__short_cand_076_ETH_USDT__4h_ema15_dist0.000,5,long,LINK/USDT,2024-12-23 04:00:00,2025-01-13 08:00:00,23.08,18.758113422456177,2.3138043584852985,-10.000000000000005,stop_loss
11,combined__cand_002_AVAX_USDT__4h_ema15_dist0.008__short_cand_088_ETH_USDT__4h_ema20_dist0.000,combined__cand_002_AVAX_USDT__4h_ema15_dist0.008__short_cand_088_ETH_USDT__4h_ema20_dist0.000|combined__cand_002_AVAX_USDT__4h_ema15_dist0.000__short_cand_088_ETH_USDT__4h_ema20_dist0.000|combined__cand_002_AVAX_USDT__4h_ema15_dist0.008__short_cand_088_ETH_USDT__4h_ema15_dist0.000|combined__cand_002_AVAX_USDT__4h_ema15_dist0.000__short_cand_088_ETH_USDT__4h_ema15_dist0.000|combined__cand_002_AVAX_USDT__4h_ema15_dist0.008__short_cand_076_ETH_USDT__4h_ema15_dist0.000,5,long,XRP/USDT,2024-12-25 00:00:00,2025-01-15 00:00:00,2.3238,2.8084081626496795,13.7568187671778,6.666666666666664,tp1_scale_out
11,combined__cand_002_AVAX_USDT__4h_ema15_dist0.008__short_cand_088_ETH_USDT__4h_ema20_dist0.000,combined__cand_002_AVAX_USDT__4h_ema15_dist0.008__short_cand_088_ETH_USDT__4h_ema20_dist0.000|combined__cand_002_AVAX_USDT__4h_ema15_dist0.000__short_cand_088_ETH_USDT__4h_ema20_dist0.000|combined__cand_002_AVAX_USDT__4h_ema15_dist0.008__short_cand_088_ETH_USDT__4h_ema15_dist0.000|combined__cand_002_AVAX_USDT__4h_ema15_dist0.000__short_cand_088_ETH_USDT__4h_ema15_dist0.000|combined__cand_002_AVAX_USDT__4h_ema15_dist0.008__short_cand_076_ETH_USDT__4h_ema15_dist0.000,5,long,XRP/USDT,2024-12-25 00:00:00,2025-01-15 00:00:00,2.3238,3.1718642846369396,13.7568187671778,11.666666666666668,tp2_final
13,combined__cand_002_AVAX_USDT__4h_ema15_dist0.008__short_cand_088_ETH_USDT__4h_ema20_dist0.000,combined__cand_002_AVAX_USDT__4h_ema15_dist0.008__short_cand_088_ETH_USDT__4h_ema20_dist0.000|combined__cand_002_AVAX_USDT__4h_ema15_dist0.000__short_cand_088_ETH_USDT__4h_ema20_dist0.000|combined__cand_002_AVAX_USDT__4h_ema15_dist0.008__short_cand_088_ETH_USDT__4h_ema15_dist0.000|combined__cand_002_AVAX_USDT__4h_ema15_dist0.000__short_cand_088_ETH_USDT__4h_ema15_dist0.000|combined__cand_002_AVAX_USDT__4h_ema15_dist0.008__short_cand_076_ETH_USDT__4h_ema15_dist0.000,5,short,TON/USDT,2025-01-03 00:00:00,2025-01-19 00:00:00,5.649,4.970014539290512,9.818570576902346,6.666666666666665,tp1_scale_out
14,combined__cand_002_AVAX_USDT__4h_ema15_dist0.000__short_cand_088_ETH_USDT__4h_ema20_dist0.000,combined__cand_002_AVAX_USDT__4h_ema15_dist0.000__short_cand_088_ETH_USDT__4h_ema20_dist0.000|combined__cand_002_AVAX_USDT__4h_ema15_dist0.000__short_cand_088_ETH_USDT__4h_ema15_dist0.000,2,long,BNB/USDT,2025-01-19 00:00:00,2025-01-26 00:00:00,709.52,670.5382366956927,0.2565302118823101,-10.000000000000004,stop_loss
16,combined__cand_002_AVAX_USDT__4h_ema15_dist0.008__short_cand_088_ETH_USDT__4h_ema20_dist0.000,combined__cand_002_AVAX_USDT__4h_ema15_dist0.008__short_cand_088_ETH_USDT__4h_ema20_dist0.000|combined__cand_002_AVAX_USDT__4h_ema15_dist0.000__short_cand_088_ETH_USDT__4h_ema20_dist0.000|combined__cand_002_AVAX_USDT__4h_ema15_dist0.008__short_cand_088_ETH_USDT__4h_ema15_dist0.000|combined__cand_002_AVAX_USDT__4h_ema15_dist0.000__short_cand_088_ETH_USDT__4h_ema15_dist0.000|combined__cand_002_AVAX_USDT__4h_ema15_dist0.008__short_cand_076_ETH_USDT__4h_ema15_dist0.000,5,short,DOGE/USDT,2025-01-26 00:00:00,2025-02-02 00:00:00,0.35351,0.28915629796716047,103.59414386548707,6.666666666666665,tp1_scale_out
13,combined__cand_002_AVAX_USDT__4h_ema15_dist0.008__short_cand_088_ETH_USDT__4h_ema20_dist0.000,combined__cand_002_AVAX_USDT__4h_ema15_dist0.008__short_cand_088_ETH_USDT__4h_ema20_dist0.000|combined__cand_002_AVAX_USDT__4h_ema15_dist0.000__short_cand_088_ETH_USDT__4h_ema20_dist0.000|combined__cand_002_AVAX_USDT__4h_ema15_dist0.008__short_cand_088_ETH_USDT__4h_ema15_dist0.000|combined__cand_002_AVAX_USDT__4h_ema15_dist0.000__short_cand_088_ETH_USDT__4h_ema15_dist0.000|combined__cand_002_AVAX_USDT__4h_ema15_dist0.008__short_cand_076_ETH_USDT__4h_ema15_dist0.000,5,short,TON/USDT,2025-01-03 00:00:00,2025-02-02 00:00:00,5.649,4.460775443758395,9.818570576902346,11.666666666666666,tp2_final
17,combined__cand_002_AVAX_USDT__4h_ema15_dist0.008__short_cand_088_ETH_USDT__4h_ema20_dist0.000,combined__cand_002_AVAX_USDT__4h_ema15_dist0.008__short_cand_088_ETH_USDT__4h_ema20_dist0.000|combined__cand_002_AVAX_USDT__4h_ema15_dist0.000__short_cand_088_ETH_USDT__4h_ema20_dist0.000|combined__cand_002_AVAX_USDT__4h_ema15_dist0.008__short_cand_088_ETH_USDT__4h_ema15_dist0.000|combined__cand_002_AVAX_USDT__4h_ema15_dist0.000__short_cand_088_ETH_USDT__4h_ema15_dist0.000|combined__cand_002_AVAX_USDT__4h_ema15_dist0.008__short_cand_076_ETH_USDT__4h_ema15_dist0.000,5,short,ADA/USDT,2025-01-31 00:00:00,2025-02-02 00:00:00,0.9595,0.8008832596503793,42.03003196240255,6.666666666666665,tp1_scale_out
15,combined__cand_002_AVAX_USDT__4h_ema15_dist0.008__short_cand_088_ETH_USDT__4h_ema20_dist0.000,combined__cand_002_AVAX_USDT__4h_ema15_dist0.008__short_cand_088_ETH_USDT__4h_ema20_dist0.000|combined__cand_002_AVAX_USDT__4h_ema15_dist0.000__short_cand_088_ETH_USDT__4h_ema20_dist0.000|combined__cand_002_AVAX_USDT__4h_ema15_dist0.008__short_cand_088_ETH_USDT__4h_ema15_dist0.000|combined__cand_002_AVAX_USDT__4h_ema15_dist0.000__short_cand_088_ETH_USDT__4h_ema15_dist0.000|combined__cand_002_AVAX_USDT__4h_ema15_dist0.008__short_cand_076_ETH_USDT__4h_ema15_dist0.000,5,short,ETH/USDT,2025-01-23 04:00:00,2025-02-02 20:00:00,3227.0,2825.4807518444422,0.01660360417910488,6.666666666666669,tp1_scale_out
15,combined__cand_002_AVAX_USDT__4h_ema15_dist0.008__short_cand_088_ETH_USDT__4h_ema20_dist0.000,combined__cand_002_AVAX_USDT__4h_ema15_dist0.008__short_cand_088_ETH_USDT__4h_ema20_dist0.000|combined__cand_002_AVAX_USDT__4h_ema15_dist0.000__short_cand_088_ETH_USDT__4h_ema20_dist0.000|combined__cand_002_AVAX_USDT__4h_ema15_dist0.008__short_cand_088_ETH_USDT__4h_ema15_dist0.000|combined__cand_002_AVAX_USDT__4h_ema15_dist0.000__short_cand_088_ETH_USDT__4h_ema15_dist0.000|combined__cand_002_AVAX_USDT__4h_ema15_dist0.008__short_cand_076_ETH_USDT__4h_ema15_dist0.000,5,short,ETH/USDT,2025-01-23 04:00:00,2025-02-03 00:00:00,3227.0,2524.341315727774,0.01660360417910488,11.666666666666666,tp2_final
16,combined__cand_002_AVAX_USDT__4h_ema15_dist0.008__short_cand_088_ETH_USDT__4h_ema20_dist0.000,combined__cand_002_AVAX_USDT__4h_ema15_dist0.008__short_cand_088_ETH_USDT__4h_ema20_dist0.000|combined__cand_002_AVAX_USDT__4h_ema15_dist0.000__short_cand_088_ETH_USDT__4h_ema20_dist0.000|combined__cand_002_AVAX_USDT__4h_ema15_dist0.008__short_cand_088_ETH_USDT__4h_ema15_dist0.000|combined__cand_002_AVAX_USDT__4h_ema15_dist0.000__short_cand_088_ETH_USDT__4h_ema15_dist0.000|combined__cand_002_AVAX_USDT__4h_ema15_dist0.008__short_cand_076_ETH_USDT__4h_ema15_dist0.000,5,short,DOGE/USDT,2025-01-26 00:00:00,2025-02-03 00:00:00,0.35351,0.2408910214425308,103.59414386548707,11.666666666666666,tp2_final
17,combined__cand_002_AVAX_USDT__4h_ema15_dist0.008__short_cand_088_ETH_USDT__4h_ema20_dist0.000,combined__cand_002_AVAX_USDT__4h_ema15_dist0.008__short_cand_088_ETH_USDT__4h_ema20_dist0.000|combined__cand_002_AVAX_USDT__4h_ema15_dist0.000__short_cand_088_ETH_USDT__4h_ema20_dist0.000|combined__cand_002_AVAX_USDT__4h_ema15_dist0.008__short_cand_088_ETH_USDT__4h_ema15_dist0.000|combined__cand_002_AVAX_USDT__4h_ema15_dist0.000__short_cand_088_ETH_USDT__4h_ema15_dist0.000|combined__cand_002_AVAX_USDT__4h_ema15_dist0.008__short_cand_076_ETH_USDT__4h_ema15_dist0.000,5,short,ADA/USDT,2025-01-31 00:00:00,2025-02-03 00:00:00,0.9595,0.6819207043881638,42.03003196240255,11.666666666666664,tp2_final
21,combined__cand_002_AVAX_USDT__4h_ema15_dist0.008__short_cand_088_ETH_USDT__4h_ema20_dist0.000,combined__cand_002_AVAX_USDT__4h_ema15_dist0.008__short_cand_088_ETH_USDT__4h_ema20_dist0.000|combined__cand_002_AVAX_USDT__4h_ema15_dist0.000__short_cand_088_ETH_USDT__4h_ema20_dist0.000|combined__cand_002_AVAX_USDT__4h_ema15_dist0.008__short_cand_088_ETH_USDT__4h_ema15_dist0.000|combined__cand_002_AVAX_USDT__4h_ema15_dist0.000__short_cand_088_ETH_USDT__4h_ema15_dist0.000,4,short,XRP/USDT,2025-02-24 00:00:00,2025-02-25 00:00:00,2.5763,2.1939368316798684,17.435431074483194,6.666666666666667,tp1_scale_out
20,combined__cand_002_AVAX_USDT__4h_ema15_dist0.008__short_cand_088_ETH_USDT__4h_ema20_dist0.000,combined__cand_002_AVAX_USDT__4h_ema15_dist0.008__short_cand_088_ETH_USDT__4h_ema20_dist0.000|combined__cand_002_AVAX_USDT__4h_ema15_dist0.000__short_cand_088_ETH_USDT__4h_ema20_dist0.000,2,short,AVAX/USDT,2025-02-23 00:00:00,2025-02-25 00:00:00,25.84,21.312188166882923,1.4723815636298516,6.666666666666667,tp1_scale_out
18,combined__cand_002_AVAX_USDT__4h_ema15_dist0.008__short_cand_088_ETH_USDT__4h_ema20_dist0.000,combined__cand_002_AVAX_USDT__4h_ema15_dist0.008__short_cand_088_ETH_USDT__4h_ema20_dist0.000|combined__cand_002_AVAX_USDT__4h_ema15_dist0.000__short_cand_088_ETH_USDT__4h_ema20_dist0.000|combined__cand_002_AVAX_USDT__4h_ema15_dist0.008__short_cand_088_ETH_USDT__4h_ema15_dist0.000|combined__cand_002_AVAX_USDT__4h_ema15_dist0.000__short_cand_088_ETH_USDT__4h_ema15_dist0.000|combined__cand_002_AVAX_USDT__4h_ema15_dist0.008__short_cand_076_ETH_USDT__4h_ema15_dist0.000,5,long,BNB/USDT,2025-02-14 00:00:00,2025-02-25 00:00:00,664.73,604.5447742647893,0.16615373420705837,-10.000000000000004,stop_loss
19,combined__cand_002_AVAX_USDT__4h_ema15_dist0.008__short_cand_088_ETH_USDT__4h_ema20_dist0.000,combined__cand_002_AVAX_USDT__4h_ema15_dist0.008__short_cand_088_ETH_USDT__4h_ema20_dist0.000|combined__cand_002_AVAX_USDT__4h_ema15_dist0.000__short_cand_088_ETH_USDT__4h_ema20_dist0.000|combined__cand_002_AVAX_USDT__4h_ema15_dist0.008__short_cand_088_ETH_USDT__4h_ema15_dist0.000|combined__cand_002_AVAX_USDT__4h_ema15_dist0.000__short_cand_088_ETH_USDT__4h_ema15_dist0.000|combined__cand_002_AVAX_USDT__4h_ema15_dist0.008__short_cand_076_ETH_USDT__4h_ema15_dist0.000,5,short,BTC/USDT,2025-02-18 04:00:00,2025-02-25 04:00:00,96200.0,89456.08458305319,0.0009885454153108124,6.666666666666674,tp1_scale_out
19,combined__cand_002_AVAX_USDT__4h_ema15_dist0.008__short_cand_088_ETH_USDT__4h_ema20_dist0.000,combined__cand_002_AVAX_USDT__4h_ema15_dist0.008__short_cand_088_ETH_USDT__4h_ema20_dist0.000|combined__cand_002_AVAX_USDT__4h_ema15_dist0.000__short_cand_088_ETH_USDT__4h_ema20_dist0.000|combined__cand_002_AVAX_USDT__4h_ema15_dist0.008__short_cand_088_ETH_USDT__4h_ema15_dist0.000|combined__cand_002_AVAX_USDT__4h_ema15_dist0.000__short_cand_088_ETH_USDT__4h_ema15_dist0.000|combined__cand_002_AVAX_USDT__4h_ema15_dist0.008__short_cand_076_ETH_USDT__4h_ema15_dist0.000,5,short,BTC/USDT,2025-02-18 04:00:00,2025-02-26 16:00:00,96200.0,84398.1480203431,0.0009885454153108124,11.666666666666666,tp2_final
21,combined__cand_002_AVAX_USDT__4h_ema15_dist0.008__short_cand_088_ETH_USDT__4h_ema20_dist0.000,combined__cand_002_AVAX_USDT__4h_ema15_dist0.008__short_cand_088_ETH_USDT__4h_ema20_dist0.000|combined__cand_002_AVAX_USDT__4h_ema15_dist0.000__short_cand_088_ETH_USDT__4h_ema20_dist0.000|combined__cand_002_AVAX_USDT__4h_ema15_dist0.008__short_cand_088_ETH_USDT__4h_ema15_dist0.000|combined__cand_002_AVAX_USDT__4h_ema15_dist0.000__short_cand_088_ETH_USDT__4h_ema15_dist0.000,4,short,XRP/USDT,2025-02-24 00:00:00,2025-03-02 00:00:00,2.5763,2.5763,17.435431074483194,0.0,stop_loss
23,combined__cand_002_AVAX_USDT__4h_ema15_dist0.008__short_cand_088_ETH_USDT__4h_ema20_dist0.000,combined__cand_002_AVAX_USDT__4h_ema15_dist0.008__short_cand_088_ETH_USDT__4h_ema20_dist0.000|combined__cand_002_AVAX_USDT__4h_ema15_dist0.000__short_cand_088_ETH_USDT__4h_ema20_dist0.000,2,short,LINK/USDT,2025-03-02 04:00:00,2025-03-02 16:00:00,14.85,17.320476555756983,4.047802022932323,-9.999999999999993,stop_loss
22,combined__cand_002_AVAX_USDT__4h_ema15_dist0.008__short_cand_088_ETH_USDT__4h_ema20_dist0.000,combined__cand_002_AVAX_USDT__4h_ema15_dist0.008__short_cand_088_ETH_USDT__4h_ema20_dist0.000|combined__cand_002_AVAX_USDT__4h_ema15_dist0.000__short_cand_088_ETH_USDT__4h_ema20_dist0.000|combined__cand_002_AVAX_USDT__4h_ema15_dist0.008__short_cand_088_ETH_USDT__4h_ema15_dist0.000|combined__cand_002_AVAX_USDT__4h_ema15_dist0.000__short_cand_088_ETH_USDT__4h_ema15_dist0.000|combined__cand_002_AVAX_USDT__4h_ema15_dist0.008__short_cand_076_ETH_USDT__4h_ema15_dist0.000,5,short,ETH/USDT,2025-03-02 04:00:00,2025-03-02 20:00:00,2220.19,2521.2353997009222,0.03321758116860325,-9.999999999999993,stop_loss
24,combined__cand_002_AVAX_USDT__4h_ema15_dist0.008__short_cand_088_ETH_USDT__4h_ema20_dist0.000,combined__cand_002_AVAX_USDT__4h_ema15_dist0.008__short_cand_088_ETH_USDT__4h_ema20_dist0.000|combined__cand_002_AVAX_USDT__4h_ema15_dist0.000__short_cand_088_ETH_USDT__4h_ema20_dist0.000|combined__cand_002_AVAX_USDT__4h_ema15_dist0.008__short_cand_088_ETH_USDT__4h_ema15_dist0.000|combined__cand_002_AVAX_USDT__4h_ema15_dist0.000__short_cand_088_ETH_USDT__4h_ema15_dist0.000|combined__cand_002_AVAX_USDT__4h_ema15_dist0.008__short_cand_076_ETH_USDT__4h_ema15_dist0.000,5,short,BNB/USDT,2025-03-03 00:00:00,2025-03-04 00:00:00,623.94,554.818708169264,0.09644881468639185,6.6666666666666705,tp1_scale_out
20,combined__cand_002_AVAX_USDT__4h_ema15_dist0.008__short_cand_088_ETH_USDT__4h_ema20_dist0.000,combined__cand_002_AVAX_USDT__4h_ema15_dist0.008__short_cand_088_ETH_USDT__4h_ema20_dist0.000|combined__cand_002_AVAX_USDT__4h_ema15_dist0.000__short_cand_088_ETH_USDT__4h_ema20_dist0.000,2,short,AVAX/USDT,2025-02-23 00:00:00,2025-03-09 00:00:00,25.84,17.916329292045113,1.4723815636298516,11.66666666666667,tp2_final
24,combined__cand_002_AVAX_USDT__4h_ema15_dist0.008__short_cand_088_ETH_USDT__4h_ema20_dist0.000,combined__cand_002_AVAX_USDT__4h_ema15_dist0.008__short_cand_088_ETH_USDT__4h_ema20_dist0.000|combined__cand_002_AVAX_USDT__4h_ema15_dist0.000__short_cand_088_ETH_USDT__4h_ema20_dist0.000|combined__cand_002_AVAX_USDT__4h_ema15_dist0.008__short_cand_088_ETH_USDT__4h_ema15_dist0.000|combined__cand_002_AVAX_USDT__4h_ema15_dist0.000__short_cand_088_ETH_USDT__4h_ema15_dist0.000|combined__cand_002_AVAX_USDT__4h_ema15_dist0.008__short_cand_076_ETH_USDT__4h_ema15_dist0.000,5,short,BNB/USDT,2025-03-03 00:00:00,2025-03-17 00:00:00,623.94,623.94,0.09644881468639185,0.0,stop_loss
26,combined__cand_002_AVAX_USDT__4h_ema15_dist0.000__short_cand_088_ETH_USDT__4h_ema20_dist0.000,combined__cand_002_AVAX_USDT__4h_ema15_dist0.000__short_cand_088_ETH_USDT__4h_ema20_dist0.000|combined__cand_002_AVAX_USDT__4h_ema15_dist0.000__short_cand_088_ETH_USDT__4h_ema15_dist0.000,2,long,BTC/USDT,2025-03-27 04:00:00,2025-03-29 08:00:00,87670.17,82545.642862735,0.0019513995598308186,-10.00000000000001,stop_loss
25,combined__cand_002_AVAX_USDT__4h_ema15_dist0.008__short_cand_088_ETH_USDT__4h_ema20_dist0.000,combined__cand_002_AVAX_USDT__4h_ema15_dist0.008__short_cand_088_ETH_USDT__4h_ema20_dist0.000|combined__cand_002_AVAX_USDT__4h_ema15_dist0.000__short_cand_088_ETH_USDT__4h_ema20_dist0.000|combined__cand_002_AVAX_USDT__4h_ema15_dist0.008__short_cand_088_ETH_USDT__4h_ema15_dist0.000|combined__cand_002_AVAX_USDT__4h_ema15_dist0.000__short_cand_088_ETH_USDT__4h_ema15_dist0.000|combined__cand_002_AVAX_USDT__4h_ema15_dist0.008__short_cand_076_ETH_USDT__4h_ema15_dist0.000,5,long,LINK/USDT,2025-03-26 04:00:00,2025-03-29 08:00:00,15.32,13.550937614348605,5.652711900444288,-10.000000000000004,stop_loss
27,combined__cand_002_AVAX_USDT__4h_ema15_dist0.008__short_cand_088_ETH_USDT__4h_ema20_dist0.000,combined__cand_002_AVAX_USDT__4h_ema15_dist0.008__short_cand_088_ETH_USDT__4h_ema20_dist0.000|combined__cand_002_AVAX_USDT__4h_ema15_dist0.000__short_cand_088_ETH_USDT__4h_ema20_dist0.000|combined__cand_002_AVAX_USDT__4h_ema15_dist0.008__short_cand_088_ETH_USDT__4h_ema15_dist0.000|combined__cand_002_AVAX_USDT__4h_ema15_dist0.000__short_cand_088_ETH_USDT__4h_ema15_dist0.000|combined__cand_002_AVAX_USDT__4h_ema15_dist0.008__short_cand_076_ETH_USDT__4h_ema15_dist0.000,5,short,ETH/USDT,2025-03-27 04:00:00,2025-03-30 12:00:00,2031.32,1792.4254246080675,0.027906312463266608,6.666666666666669,tp1_scale_out
28,combined__cand_002_AVAX_USDT__4h_ema15_dist0.008__short_cand_088_ETH_USDT__4h_ema20_dist0.000,combined__cand_002_AVAX_USDT__4h_ema15_dist0.008__short_cand_088_ETH_USDT__4h_ema20_dist0.000|combined__cand_002_AVAX_USDT__4h_ema15_dist0.000__short_cand_088_ETH_USDT__4h_ema20_dist0.000|combined__cand_002_AVAX_USDT__4h_ema15_dist0.008__short_cand_088_ETH_USDT__4h_ema15_dist0.000|combined__cand_002_AVAX_USDT__4h_ema15_dist0.000__short_cand_088_ETH_USDT__4h_ema15_dist0.000|combined__cand_002_AVAX_USDT__4h_ema15_dist0.008__short_cand_076_ETH_USDT__4h_ema15_dist0.000,5,short,XRP/USDT,2025-03-28 00:00:00,2025-04-02 00:00:00,2.3411,2.014972473219109,20.44190115588026,6.666666666666665,tp1_scale_out
29,combined__cand_002_AVAX_USDT__4h_ema15_dist0.008__short_cand_088_ETH_USDT__4h_ema20_dist0.000,combined__cand_002_AVAX_USDT__4h_ema15_dist0.008__short_cand_088_ETH_USDT__4h_ema20_dist0.000|combined__cand_002_AVAX_USDT__4h_ema15_dist0.000__short_cand_088_ETH_USDT__4h_ema20_dist0.000,2,short,BTC/USDT,2025-04-01 04:00:00,2025-04-02 20:00:00,82962.84,87853.5604308873,0.0020446885364465094,-10.000000000000004,stop_loss
30,combined__cand_002_AVAX_USDT__4h_ema15_dist0.008__short_cand_088_ETH_USDT__4h_ema20_dist0.000,combined__cand_002_AVAX_USDT__4h_ema15_dist0.008__short_cand_088_ETH_USDT__4h_ema20_dist0.000|combined__cand_002_AVAX_USDT__4h_ema15_dist0.000__short_cand_088_ETH_USDT__4h_ema20_dist0.000|combined__cand_002_AVAX_USDT__4h_ema15_dist0.008__short_cand_088_ETH_USDT__4h_ema15_dist0.000|combined__cand_002_AVAX_USDT__4h_ema15_dist0.000__short_cand_088_ETH_USDT__4h_ema15_dist0.000|combined__cand_002_AVAX_USDT__4h_ema15_dist0.008__short_cand_076_ETH_USDT__4h_ema15_dist0.000,5,short,AVAX/USDT,2025-04-02 00:00:00,2025-04-06 00:00:00,19.83,16.74050272969282,2.1578483757662705,6.666666666666669,tp1_scale_out
27,combined__cand_002_AVAX_USDT__4h_ema15_dist0.008__short_cand_088_ETH_USDT__4h_ema20_dist0.000,combined__cand_002_AVAX_USDT__4h_ema15_dist0.008__short_cand_088_ETH_USDT__4h_ema20_dist0.000|combined__cand_002_AVAX_USDT__4h_ema15_dist0.000__short_cand_088_ETH_USDT__4h_ema20_dist0.000|combined__cand_002_AVAX_USDT__4h_ema15_dist0.008__short_cand_088_ETH_USDT__4h_ema15_dist0.000|combined__cand_002_AVAX_USDT__4h_ema15_dist0.000__short_cand_088_ETH_USDT__4h_ema15_dist0.000|combined__cand_002_AVAX_USDT__4h_ema15_dist0.008__short_cand_076_ETH_USDT__4h_ema15_dist0.000,5,short,ETH/USDT,2025-03-27 04:00:00,2025-04-06 16:00:00,2031.32,1613.2544930641184,0.027906312463266608,11.666666666666664,tp2_final
28,combined__cand_002_AVAX_USDT__4h_ema15_dist0.008__short_cand_088_ETH_USDT__4h_ema20_dist0.000,combined__cand_002_AVAX_USDT__4h_ema15_dist0.008__short_cand_088_ETH_USDT__4h_ema20_dist0.000|combined__cand_002_AVAX_USDT__4h_ema15_dist0.000__short_cand_088_ETH_USDT__4h_ema20_dist0.000|combined__cand_002_AVAX_USDT__4h_ema15_dist0.008__short_cand_088_ETH_USDT__4h_ema15_dist0.000|combined__cand_002_AVAX_USDT__4h_ema15_dist0.000__short_cand_088_ETH_USDT__4h_ema15_dist0.000|combined__cand_002_AVAX_USDT__4h_ema15_dist0.008__short_cand_076_ETH_USDT__4h_ema15_dist0.000,5,short,XRP/USDT,2025-03-28 00:00:00,2025-04-07 00:00:00,2.3411,1.7703768281334407,20.44190115588026,11.666666666666666,tp2_final
31,combined__cand_002_AVAX_USDT__4h_ema15_dist0.008__short_cand_088_ETH_USDT__4h_ema20_dist0.000,combined__cand_002_AVAX_USDT__4h_ema15_dist0.008__short_cand_088_ETH_USDT__4h_ema20_dist0.000|combined__cand_002_AVAX_USDT__4h_ema15_dist0.000__short_cand_088_ETH_USDT__4h_ema20_dist0.000|combined__cand_002_AVAX_USDT__4h_ema15_dist0.008__short_cand_088_ETH_USDT__4h_ema15_dist0.000|combined__cand_002_AVAX_USDT__4h_ema15_dist0.000__short_cand_088_ETH_USDT__4h_ema15_dist0.000|combined__cand_002_AVAX_USDT__4h_ema15_dist0.008__short_cand_076_ETH_USDT__4h_ema15_dist0.000,5,short,BTC/USDT,2025-04-03 04:00:00,2025-04-07 04:00:00,83483.97,76643.39766789146,0.0009745773223352116,6.666666666666673,tp1_scale_out
31,combined__cand_002_AVAX_USDT__4h_ema15_dist0.008__short_cand_088_ETH_USDT__4h_ema20_dist0.000,combined__cand_002_AVAX_USDT__4h_ema15_dist0.008__short_cand_088_ETH_USDT__4h_ema20_dist0.000|combined__cand_002_AVAX_USDT__4h_ema15_dist0.000__short_cand_088_ETH_USDT__4h_ema20_dist0.000|combined__cand_002_AVAX_USDT__4h_ema15_dist0.008__short_cand_088_ETH_USDT__4h_ema15_dist0.000|combined__cand_002_AVAX_USDT__4h_ema15_dist0.000__short_cand_088_ETH_USDT__4h_ema15_dist0.000|combined__cand_002_AVAX_USDT__4h_ema15_dist0.008__short_cand_076_ETH_USDT__4h_ema15_dist0.000,5,short,BTC/USDT,2025-04-03 04:00:00,2025-04-09 20:00:00,83483.97,83483.97,0.0009745773223352116,0.0,stop_loss
30,combined__cand_002_AVAX_USDT__4h_ema15_dist0.008__short_cand_088_ETH_USDT__4h_ema20_dist0.000,combined__cand_002_AVAX_USDT__4h_ema15_dist0.008__short_cand_088_ETH_USDT__4h_ema20_dist0.000|combined__cand_002_AVAX_USDT__4h_ema15_dist0.000__short_cand_088_ETH_USDT__4h_ema20_dist0.000|combined__cand_002_AVAX_USDT__4h_ema15_dist0.008__short_cand_088_ETH_USDT__4h_ema15_dist0.000|combined__cand_002_AVAX_USDT__4h_ema15_dist0.000__short_cand_088_ETH_USDT__4h_ema15_dist0.000|combined__cand_002_AVAX_USDT__4h_ema15_dist0.008__short_cand_076_ETH_USDT__4h_ema15_dist0.000,5,short,AVAX/USDT,2025-04-02 00:00:00,2025-04-12 00:00:00,19.83,19.83,2.1578483757662705,0.0,stop_loss
33,combined__cand_002_AVAX_USDT__4h_ema15_dist0.008__short_cand_088_ETH_USDT__4h_ema20_dist0.000,combined__cand_002_AVAX_USDT__4h_ema15_dist0.008__short_cand_088_ETH_USDT__4h_ema20_dist0.000|combined__cand_002_AVAX_USDT__4h_ema15_dist0.000__short_cand_088_ETH_USDT__4h_ema20_dist0.000|combined__cand_002_AVAX_USDT__4h_ema15_dist0.008__short_cand_088_ETH_USDT__4h_ema15_dist0.000|combined__cand_002_AVAX_USDT__4h_ema15_dist0.000__short_cand_088_ETH_USDT__4h_ema15_dist0.000|combined__cand_002_AVAX_USDT__4h_ema15_dist0.008__short_cand_076_ETH_USDT__4h_ema15_dist0.000,5,long,BTC/USDT,2025-04-11 04:00:00,2025-04-22 12:00:00,80843.0,89394.11461452435,0.0007796254602111293,6.666666666666664,tp1_scale_out
35,combined__cand_002_AVAX_USDT__4h_ema15_dist0.008__short_cand_088_ETH_USDT__4h_ema20_dist0.000,combined__cand_002_AVAX_USDT__4h_ema15_dist0.008__short_cand_088_ETH_USDT__4h_ema20_dist0.000|combined__cand_002_AVAX_USDT__4h_ema15_dist0.000__short_cand_088_ETH_USDT__4h_ema20_dist0.000|combined__cand_002_AVAX_USDT__4h_ema15_dist0.008__short_cand_088_ETH_USDT__4h_ema15_dist0.000|combined__cand_002_AVAX_USDT__4h_ema15_dist0.000__short_cand_088_ETH_USDT__4h_ema15_dist0.000|combined__cand_002_AVAX_USDT__4h_ema15_dist0.008__short_cand_076_ETH_USDT__4h_ema15_dist0.000,5,short,DOGE/USDT,2025-04-14 00:00:00,2025-04-23 00:00:00,0.1626,0.1839603094501213,468.1580116313912,-10.000000000000002,stop_loss
34,combined__cand_002_AVAX_USDT__4h_ema15_dist0.008__short_cand_088_ETH_USDT__4h_ema20_dist0.000,combined__cand_002_AVAX_USDT__4h_ema15_dist0.008__short_cand_088_ETH_USDT__4h_ema20_dist0.000|combined__cand_002_AVAX_USDT__4h_ema15_dist0.000__short_cand_088_ETH_USDT__4h_ema20_dist0.000|combined__cand_002_AVAX_USDT__4h_ema15_dist0.008__short_cand_088_ETH_USDT__4h_ema15_dist0.000|combined__cand_002_AVAX_USDT__4h_ema15_dist0.000__short_cand_088_ETH_USDT__4h_ema15_dist0.000|combined__cand_002_AVAX_USDT__4h_ema15_dist0.008__short_cand_076_ETH_USDT__4h_ema15_dist0.000,5,long,SOL/USDT,2025-04-13 04:00:00,2025-04-25 00:00:00,131.81,154.46205682218772,0.29430734343455534,6.6666666666666625,tp1_scale_out
33,combined__cand_002_AVAX_USDT__4h_ema15_dist0.008__short_cand_088_ETH_USDT__4h_ema20_dist0.000,combined__cand_002_AVAX_USDT__4h_ema15_dist0.008__short_cand_088_ETH_USDT__4h_ema20_dist0.000|combined__cand_002_AVAX_USDT__4h_ema15_dist0.000__short_cand_088_ETH_USDT__4h_ema20_dist0.000|combined__cand_002_AVAX_USDT__4h_ema15_dist0.008__short_cand_088_ETH_USDT__4h_ema15_dist0.000|combined__cand_002_AVAX_USDT__4h_ema15_dist0.000__short_cand_088_ETH_USDT__4h_ema15_dist0.000|combined__cand_002_AVAX_USDT__4h_ema15_dist0.008__short_cand_076_ETH_USDT__4h_ema15_dist0.000,5,long,BTC/USDT,2025-04-11 04:00:00,2025-05-01 08:00:00,80843.0,95807.45057541764,0.0007796254602111293,11.666666666666673,tp2_final
32,combined__cand_002_AVAX_USDT__4h_ema15_dist0.008__short_cand_088_ETH_USDT__4h_ema20_dist0.000,combined__cand_002_AVAX_USDT__4h_ema15_dist0.008__short_cand_088_ETH_USDT__4h_ema20_dist0.000|combined__cand_002_AVAX_USDT__4h_ema15_dist0.000__short_cand_088_ETH_USDT__4h_ema20_dist0.000|combined__cand_002_AVAX_USDT__4h_ema15_dist0.008__short_cand_088_ETH_USDT__4h_ema15_dist0.000|combined__cand_002_AVAX_USDT__4h_ema15_dist0.000__short_cand_088_ETH_USDT__4h_ema15_dist0.000,4,short,BNB/USDT,2025-04-10 00:00:00,2025-05-08 00:00:00,582.32,624.7820862465586,0.23550420819962595,-10.0,stop_loss
36,combined__cand_002_AVAX_USDT__4h_ema15_dist0.000__short_cand_088_ETH_USDT__4h_ema20_dist0.000,combined__cand_002_AVAX_USDT__4h_ema15_dist0.000__short_cand_088_ETH_USDT__4h_ema20_dist0.000|combined__cand_002_AVAX_USDT__4h_ema15_dist0.000__short_cand_088_ETH_USDT__4h_ema15_dist0.000,2,long,ETH/USDT,2025-04-25 04:00:00,2025-05-08 12:00:00,1760.89,1980.8699469438932,0.030305792683762347,6.666666666666664,tp1_scale_out
36,combined__cand_002_AVAX_USDT__4h_ema15_dist0.000__short_cand_088_ETH_USDT__4h_ema20_dist0.000,combined__cand_002_AVAX_USDT__4h_ema15_dist0.000__short_cand_088_ETH_USDT__4h_ema20_dist0.000|combined__cand_002_AVAX_USDT__4h_ema15_dist0.000__short_cand_088_ETH_USDT__4h_ema15_dist0.000,2,long,ETH/USDT,2025-04-25 04:00:00,2025-05-08 20:00:00,1760.89,2145.854907151813,0.030305792683762347,11.66666666666667,tp2_final
34,combined__cand_002_AVAX_USDT__4h_ema15_dist0.008__short_cand_088_ETH_USDT__4h_ema20_dist0.000,combined__cand_002_AVAX_USDT__4h_ema15_dist0.008__short_cand_088_ETH_USDT__4h_ema20_dist0.000|combined__cand_002_AVAX_USDT__4h_ema15_dist0.000__short_cand_088_ETH_USDT__4h_ema20_dist0.000|combined__cand_002_AVAX_USDT__4h_ema15_dist0.008__short_cand_088_ETH_USDT__4h_ema15_dist0.000|combined__cand_002_AVAX_USDT__4h_ema15_dist0.000__short_cand_088_ETH_USDT__4h_ema15_dist0.000|combined__cand_002_AVAX_USDT__4h_ema15_dist0.008__short_cand_076_ETH_USDT__4h_ema15_dist0.000,5,long,SOL/USDT,2025-04-13 04:00:00,2025-05-09 08:00:00,131.81,171.45109943882852,0.29430734343455534,11.666666666666664,tp2_final
37,combined__cand_002_AVAX_USDT__4h_ema15_dist0.008__short_cand_088_ETH_USDT__4h_ema20_dist0.000,combined__cand_002_AVAX_USDT__4h_ema15_dist0.008__short_cand_088_ETH_USDT__4h_ema20_dist0.000|combined__cand_002_AVAX_USDT__4h_ema15_dist0.000__short_cand_088_ETH_USDT__4h_ema20_dist0.000|combined__cand_002_AVAX_USDT__4h_ema15_dist0.008__short_cand_088_ETH_USDT__4h_ema15_dist0.000|combined__cand_002_AVAX_USDT__4h_ema15_dist0.000__short_cand_088_ETH_USDT__4h_ema15_dist0.000|combined__cand_002_AVAX_USDT__4h_ema15_dist0.008__short_cand_076_ETH_USDT__4h_ema15_dist0.000,5,short,TON/USDT,2025-05-19 00:00:00,2025-05-28 00:00:00,3.139,3.4232519863756914,35.180053189788964,-9.999999999999998,stop_loss
39,combined__cand_002_AVAX_USDT__4h_ema15_dist0.008__short_cand_088_ETH_USDT__4h_ema20_dist0.000,combined__cand_002_AVAX_USDT__4h_ema15_dist0.008__short_cand_088_ETH_USDT__4h_ema20_dist0.000|combined__cand_002_AVAX_USDT__4h_ema15_dist0.000__short_cand_088_ETH_USDT__4h_ema20_dist0.000|combined__cand_002_AVAX_USDT__4h_ema15_dist0.008__short_cand_088_ETH_USDT__4h_ema15_dist0.000|combined__cand_002_AVAX_USDT__4h_ema15_dist0.000__short_cand_088_ETH_USDT__4h_ema15_dist0.000|combined__cand_002_AVAX_USDT__4h_ema15_dist0.008__short_cand_076_ETH_USDT__4h_ema15_dist0.000,5,long,BTC/USDT,2025-06-11 04:00:00,2025-06-13 00:00:00,109722.95,105406.52728734889,0.002316733245493022,-10.0,stop_loss
41,combined__cand_002_AVAX_USDT__4h_ema15_dist0.008__short_cand_088_ETH_USDT__4h_ema20_dist0.000,combined__cand_002_AVAX_USDT__4h_ema15_dist0.008__short_cand_088_ETH_USDT__4h_ema20_dist0.000|combined__cand_002_AVAX_USDT__4h_ema15_dist0.000__short_cand_088_ETH_USDT__4h_ema20_dist0.000|combined__cand_002_AVAX_USDT__4h_ema15_dist0.008__short_cand_088_ETH_USDT__4h_ema15_dist0.000|combined__cand_002_AVAX_USDT__4h_ema15_dist0.000__short_cand_088_ETH_USDT__4h_ema15_dist0.000|combined__cand_002_AVAX_USDT__4h_ema15_dist0.008__short_cand_076_ETH_USDT__4h_ema15_dist0.000,5,long,ETH/USDT,2025-06-12 04:00:00,2025-06-13 00:00:00,2765.08,2553.3246276033137,0.04722430362364915,-10.000000000000004,stop_loss
40,combined__cand_002_AVAX_USDT__4h_ema15_dist0.008__short_cand_088_ETH_USDT__4h_ema20_dist0.000,combined__cand_002_AVAX_USDT__4h_ema15_dist0.008__short_cand_088_ETH_USDT__4h_ema20_dist0.000|combined__cand_002_AVAX_USDT__4h_ema15_dist0.000__short_cand_088_ETH_USDT__4h_ema20_dist0.000|combined__cand_002_AVAX_USDT__4h_ema15_dist0.008__short_cand_088_ETH_USDT__4h_ema15_dist0.000|combined__cand_002_AVAX_USDT__4h_ema15_dist0.000__short_cand_088_ETH_USDT__4h_ema15_dist0.000|combined__cand_002_AVAX_USDT__4h_ema15_dist0.008__short_cand_076_ETH_USDT__4h_ema15_dist0.000,5,long,BNB/USDT,2025-06-12 00:00:00,2025-06-13 00:00:00,667.42,639.1547147296053,0.3537908747191768,-9.99999999999999,stop_loss
42,combined__cand_002_AVAX_USDT__4h_ema15_dist0.008__short_cand_088_ETH_USDT__4h_ema20_dist0.000,combined__cand_002_AVAX_USDT__4h_ema15_dist0.008__short_cand_088_ETH_USDT__4h_ema20_dist0.000|combined__cand_002_AVAX_USDT__4h_ema15_dist0.000__short_cand_088_ETH_USDT__4h_ema20_dist0.000|combined__cand_002_AVAX_USDT__4h_ema15_dist0.008__short_cand_088_ETH_USDT__4h_ema15_dist0.000|combined__cand_002_AVAX_USDT__4h_ema15_dist0.000__short_cand_088_ETH_USDT__4h_ema15_dist0.000|combined__cand_002_AVAX_USDT__4h_ema15_dist0.008__short_cand_076_ETH_USDT__4h_ema15_dist0.000,5,short,XRP/USDT,2025-06-19 00:00:00,2025-06-22 00:00:00,2.1704,1.9697238339729428,33.22101871214643,6.666666666666667,tp1_scale_out
38,combined__cand_002_AVAX_USDT__4h_ema15_dist0.008__short_cand_088_ETH_USDT__4h_ema20_dist0.000,combined__cand_002_AVAX_USDT__4h_ema15_dist0.008__short_cand_088_ETH_USDT__4h_ema20_dist0.000|combined__cand_002_AVAX_USDT__4h_ema15_dist0.000__short_cand_088_ETH_USDT__4h_ema20_dist0.000|combined__cand_002_AVAX_USDT__4h_ema15_dist0.008__short_cand_088_ETH_USDT__4h_ema15_dist0.000|combined__cand_002_AVAX_USDT__4h_ema15_dist0.000__short_cand_088_ETH_USDT__4h_ema15_dist0.000|combined__cand_002_AVAX_USDT__4h_ema15_dist0.008__short_cand_076_ETH_USDT__4h_ema15_dist0.000,5,short,TON/USDT,2025-05-31 00:00:00,2025-06-22 00:00:00,3.087,2.657835801846006,15.534069932540161,6.666666666666669,tp1_scale_out
42,combined__cand_002_AVAX_USDT__4h_ema15_dist0.008__short_cand_088_ETH_USDT__4h_ema20_dist0.000,combined__cand_002_AVAX_USDT__4h_ema15_dist0.008__short_cand_088_ETH_USDT__4h_ema20_dist0.000|combined__cand_002_AVAX_USDT__4h_ema15_dist0.000__short_cand_088_ETH_USDT__4h_ema20_dist0.000|combined__cand_002_AVAX_USDT__4h_ema15_dist0.008__short_cand_088_ETH_USDT__4h_ema15_dist0.000|combined__cand_002_AVAX_USDT__4h_ema15_dist0.000__short_cand_088_ETH_USDT__4h_ema15_dist0.000|combined__cand_002_AVAX_USDT__4h_ema15_dist0.008__short_cand_076_ETH_USDT__4h_ema15_dist0.000,5,short,XRP/USDT,2025-06-19 00:00:00,2025-06-23 00:00:00,2.1704,2.1704,33.22101871214643,0.0,stop_loss
38,combined__cand_002_AVAX_USDT__4h_ema15_dist0.008__short_cand_088_ETH_USDT__4h_ema20_dist0.000,combined__cand_002_AVAX_USDT__4h_ema15_dist0.008__short_cand_088_ETH_USDT__4h_ema20_dist0.000|combined__cand_002_AVAX_USDT__4h_ema15_dist0.000__short_cand_088_ETH_USDT__4h_ema20_dist0.000|combined__cand_002_AVAX_USDT__4h_ema15_dist0.008__short_cand_088_ETH_USDT__4h_ema15_dist0.000|combined__cand_002_AVAX_USDT__4h_ema15_dist0.000__short_cand_088_ETH_USDT__4h_ema15_dist0.000|combined__cand_002_AVAX_USDT__4h_ema15_dist0.008__short_cand_076_ETH_USDT__4h_ema15_dist0.000,5,short,TON/USDT,2025-05-31 00:00:00,2025-07-06 00:00:00,3.087,3.087,15.534069932540161,0.0,stop_loss
43,combined__cand_002_AVAX_USDT__4h_ema15_dist0.008__short_cand_088_ETH_USDT__4h_ema20_dist0.000,combined__cand_002_AVAX_USDT__4h_ema15_dist0.008__short_cand_088_ETH_USDT__4h_ema20_dist0.000|combined__cand_002_AVAX_USDT__4h_ema15_dist0.000__short_cand_088_ETH_USDT__4h_ema20_dist0.000|combined__cand_002_AVAX_USDT__4h_ema15_dist0.008__short_cand_088_ETH_USDT__4h_ema15_dist0.000|combined__cand_002_AVAX_USDT__4h_ema15_dist0.000__short_cand_088_ETH_USDT__4h_ema15_dist0.000|combined__cand_002_AVAX_USDT__4h_ema15_dist0.008__short_cand_076_ETH_USDT__4h_ema15_dist0.000,5,long,XRP/USDT,2025-06-30 00:00:00,2025-07-09 00:00:00,2.2062,2.4060309650078553,33.3615296628558,6.666666666666666,tp1_scale_out
43,combined__cand_002_AVAX_USDT__4h_ema15_dist0.008__short_cand_088_ETH_USDT__4h_ema20_dist0.000,combined__cand_002_AVAX_USDT__4h_ema15_dist0.008__short_cand_088_ETH_USDT__4h_ema20_dist0.000|combined__cand_002_AVAX_USDT__4h_ema15_dist0.000__short_cand_088_ETH_USDT__4h_ema20_dist0.000|combined__cand_002_AVAX_USDT__4h_ema15_dist0.008__short_cand_088_ETH_USDT__4h_ema15_dist0.000|combined__cand_002_AVAX_USDT__4h_ema15_dist0.000__short_cand_088_ETH_USDT__4h_ema15_dist0.000|combined__cand_002_AVAX_USDT__4h_ema15_dist0.008__short_cand_076_ETH_USDT__4h_ema15_dist0.000,5,long,XRP/USDT,2025-06-30 00:00:00,2025-07-10 00:00:00,2.2062,2.555904188763747,33.3615296628558,11.666666666666666,tp2_final
46,combined__cand_002_AVAX_USDT__4h_ema15_dist0.008__short_cand_088_ETH_USDT__4h_ema20_dist0.000,combined__cand_002_AVAX_USDT__4h_ema15_dist0.008__short_cand_088_ETH_USDT__4h_ema20_dist0.000|combined__cand_002_AVAX_USDT__4h_ema15_dist0.000__short_cand_088_ETH_USDT__4h_ema20_dist0.000|combined__cand_002_AVAX_USDT__4h_ema15_dist0.008__short_cand_088_ETH_USDT__4h_ema15_dist0.000|combined__cand_002_AVAX_USDT__4h_ema15_dist0.000__short_cand_088_ETH_USDT__4h_ema15_dist0.000|combined__cand_002_AVAX_USDT__4h_ema15_dist0.008__short_cand_076_ETH_USDT__4h_ema15_dist0.000,5,short,AVAX/USDT,2025-07-08 00:00:00,2025-07-10 00:00:00,18.0,19.656362727685565,6.037324936653825,-10.000000000000009,stop_loss
44,combined__cand_002_AVAX_USDT__4h_ema15_dist0.008__short_cand_088_ETH_USDT__4h_ema20_dist0.000,combined__cand_002_AVAX_USDT__4h_ema15_dist0.008__short_cand_088_ETH_USDT__4h_ema20_dist0.000|combined__cand_002_AVAX_USDT__4h_ema15_dist0.000__short_cand_088_ETH_USDT__4h_ema20_dist0.000|combined__cand_002_AVAX_USDT__4h_ema15_dist0.008__short_cand_088_ETH_USDT__4h_ema15_dist0.000|combined__cand_002_AVAX_USDT__4h_ema15_dist0.000__short_cand_088_ETH_USDT__4h_ema15_dist0.000|combined__cand_002_AVAX_USDT__4h_ema15_dist0.008__short_cand_076_ETH_USDT__4h_ema15_dist0.000,5,long,BTC/USDT,2025-06-30 04:00:00,2025-07-10 16:00:00,108503.74,113742.36705904218,0.0012725980665410422,6.666666666666661,tp1_scale_out
44,combined__cand_002_AVAX_USDT__4h_ema15_dist0.008__short_cand_088_ETH_USDT__4h_ema20_dist0.000,combined__cand_002_AVAX_USDT__4h_ema15_dist0.008__short_cand_088_ETH_USDT__4h_ema20_dist0.000|combined__cand_002_AVAX_USDT__4h_ema15_dist0.000__short_cand_088_ETH_USDT__4h_ema20_dist0.000|combined__cand_002_AVAX_USDT__4h_ema15_dist0.008__short_cand_088_ETH_USDT__4h_ema15_dist0.000|combined__cand_002_AVAX_USDT__4h_ema15_dist0.000__short_cand_088_ETH_USDT__4h_ema15_dist0.000|combined__cand_002_AVAX_USDT__4h_ema15_dist0.008__short_cand_076_ETH_USDT__4h_ema15_dist0.000,5,long,BTC/USDT,2025-06-30 04:00:00,2025-07-11 04:00:00,108503.74,117671.33735332382,0.0012725980665410422,11.66666666666666,tp2_final
45,combined__cand_002_AVAX_USDT__4h_ema15_dist0.008__short_cand_088_ETH_USDT__4h_ema20_dist0.000,combined__cand_002_AVAX_USDT__4h_ema15_dist0.008__short_cand_088_ETH_USDT__4h_ema20_dist0.000|combined__cand_002_AVAX_USDT__4h_ema15_dist0.000__short_cand_088_ETH_USDT__4h_ema20_dist0.000|combined__cand_002_AVAX_USDT__4h_ema15_dist0.008__short_cand_088_ETH_USDT__4h_ema15_dist0.000|combined__cand_002_AVAX_USDT__4h_ema15_dist0.000__short_cand_088_ETH_USDT__4h_ema15_dist0.000|combined__cand_002_AVAX_USDT__4h_ema15_dist0.008__short_cand_076_ETH_USDT__4h_ema15_dist0.000,5,long,SOL/USDT,2025-06-30 04:00:00,2025-07-16 16:00:00,151.77,169.83922278969445,0.36895148973806,6.666666666666667,tp1_scale_out
45,combined__cand_002_AVAX_USDT__4h_ema15_dist0.008__short_cand_088_ETH_USDT__4h_ema20_dist0.000,combined__cand_002_AVAX_USDT__4h_ema15_dist0.008__short_cand_088_ETH_USDT__4h_ema20_dist0.000|combined__cand_002_AVAX_USDT__4h_ema15_dist0.000__short_cand_088_ETH_USDT__4h_ema20_dist0.000|combined__cand_002_AVAX_USDT__4h_ema15_dist0.008__short_cand_088_ETH_USDT__4h_ema15_dist0.000|combined__cand_002_AVAX_USDT__4h_ema15_dist0.000__short_cand_088_ETH_USDT__4h_ema15_dist0.000|combined__cand_002_AVAX_USDT__4h_ema15_dist0.008__short_cand_076_ETH_USDT__4h_ema15_dist0.000,5,long,SOL/USDT,2025-06-30 04:00:00,2025-07-18 04:00:00,151.77,183.39113988196527,0.36895148973806,11.666666666666668,tp2_final
47,combined__cand_002_AVAX_USDT__4h_ema15_dist0.000__short_cand_088_ETH_USDT__4h_ema20_dist0.000,combined__cand_002_AVAX_USDT__4h_ema15_dist0.000__short_cand_088_ETH_USDT__4h_ema20_dist0.000|combined__cand_002_AVAX_USDT__4h_ema15_dist0.000__short_cand_088_ETH_USDT__4h_ema15_dist0.000,2,long,BTC/USDT,2025-07-31 04:00:00,2025-08-01 08:00:00,118466.15,114275.10540753731,0.0023860399905990862,-10.000000000000012,stop_loss
48,combined__cand_002_AVAX_USDT__4h_ema15_dist0.000__short_cand_088_ETH_USDT__4h_ema20_dist0.000,combined__cand_002_AVAX_USDT__4h_ema15_dist0.000__short_cand_088_ETH_USDT__4h_ema20_dist0.000|combined__cand_002_AVAX_USDT__4h_ema15_dist0.000__short_cand_088_ETH_USDT__4h_ema15_dist0.000,2,long,BTC/USDT,2025-08-07 04:00:00,2025-08-11 00:00:00,114546.03,119969.47671165144,0.001229230602071622,6.666666666666661,tp1_scale_out
50,combined__cand_002_AVAX_USDT__4h_ema15_dist0.008__short_cand_088_ETH_USDT__4h_ema20_dist0.000,combined__cand_002_AVAX_USDT__4h_ema15_dist0.008__short_cand_088_ETH_USDT__4h_ema20_dist0.000|combined__cand_002_AVAX_USDT__4h_ema15_dist0.000__short_cand_088_ETH_USDT__4h_ema20_dist0.000|combined__cand_002_AVAX_USDT__4h_ema15_dist0.008__short_cand_088_ETH_USDT__4h_ema15_dist0.000|combined__cand_002_AVAX_USDT__4h_ema15_dist0.000__short_cand_088_ETH_USDT__4h_ema15_dist0.000|combined__cand_002_AVAX_USDT__4h_ema15_dist0.008__short_cand_076_ETH_USDT__4h_ema15_dist0.000,5,long,ADA/USDT,2025-08-08 00:00:00,2025-08-13 00:00:00,0.7874,0.8875379108052759,66.57485275112634,6.666666666666666,tp1_scale_out
48,combined__cand_002_AVAX_USDT__4h_ema15_dist0.000__short_cand_088_ETH_USDT__4h_ema20_dist0.000,combined__cand_002_AVAX_USDT__4h_ema15_dist0.000__short_cand_088_ETH_USDT__4h_ema20_dist0.000|combined__cand_002_AVAX_USDT__4h_ema15_dist0.000__short_cand_088_ETH_USDT__4h_ema15_dist0.000,2,long,BTC/USDT,2025-08-07 04:00:00,2025-08-14 00:00:00,114546.03,124037.06174539003,0.001229230602071622,11.66666666666667,tp2_final
50,combined__cand_002_AVAX_USDT__4h_ema15_dist0.008__short_cand_088_ETH_USDT__4h_ema20_dist0.000,combined__cand_002_AVAX_USDT__4h_ema15_dist0.008__short_cand_088_ETH_USDT__4h_ema20_dist0.000|combined__cand_002_AVAX_USDT__4h_ema15_dist0.000__short_cand_088_ETH_USDT__4h_ema20_dist0.000|combined__cand_002_AVAX_USDT__4h_ema15_dist0.008__short_cand_088_ETH_USDT__4h_ema15_dist0.000|combined__cand_002_AVAX_USDT__4h_ema15_dist0.000__short_cand_088_ETH_USDT__4h_ema15_dist0.000|combined__cand_002_AVAX_USDT__4h_ema15_dist0.008__short_cand_076_ETH_USDT__4h_ema15_dist0.000,5,long,ADA/USDT,2025-08-08 00:00:00,2025-08-14 00:00:00,0.7874,0.9626413439092328,66.57485275112634,11.666666666666668,tp2_final
51,combined__cand_002_AVAX_USDT__4h_ema15_dist0.008__short_cand_088_ETH_USDT__4h_ema20_dist0.000,combined__cand_002_AVAX_USDT__4h_ema15_dist0.008__short_cand_088_ETH_USDT__4h_ema20_dist0.000|combined__cand_002_AVAX_USDT__4h_ema15_dist0.000__short_cand_088_ETH_USDT__4h_ema20_dist0.000|combined__cand_002_AVAX_USDT__4h_ema15_dist0.008__short_cand_088_ETH_USDT__4h_ema15_dist0.000|combined__cand_002_AVAX_USDT__4h_ema15_dist0.000__short_cand_088_ETH_USDT__4h_ema15_dist0.000|combined__cand_002_AVAX_USDT__4h_ema15_dist0.008__short_cand_076_ETH_USDT__4h_ema15_dist0.000,5,long,XRP/USDT,2025-08-09 00:00:00,2025-08-18 00:00:00,3.2858,2.984830979092913,33.22601100226565,-9.999999999999993,stop_loss
49,combined__cand_002_AVAX_USDT__4h_ema15_dist0.008__short_cand_088_ETH_USDT__4h_ema20_dist0.000,combined__cand_002_AVAX_USDT__4h_ema15_dist0.008__short_cand_088_ETH_USDT__4h_ema20_dist0.000|combined__cand_002_AVAX_USDT__4h_ema15_dist0.000__short_cand_088_ETH_USDT__4h_ema20_dist0.000|combined__cand_002_AVAX_USDT__4h_ema15_dist0.008__short_cand_088_ETH_USDT__4h_ema15_dist0.000|combined__cand_002_AVAX_USDT__4h_ema15_dist0.000__short_cand_088_ETH_USDT__4h_ema15_dist0.000|combined__cand_002_AVAX_USDT__4h_ema15_dist0.008__short_cand_076_ETH_USDT__4h_ema15_dist0.000,5,long,AVAX/USDT,2025-08-08 00:00:00,2025-08-23 00:00:00,23.35,26.42313620979794,2.169336538163081,6.666666666666669,tp1_scale_out
49,combined__cand_002_AVAX_USDT__4h_ema15_dist0.008__short_cand_088_ETH_USDT__4h_ema20_dist0.000,combined__cand_002_AVAX_USDT__4h_ema15_dist0.008__short_cand_088_ETH_USDT__4h_ema20_dist0.000|combined__cand_002_AVAX_USDT__4h_ema15_dist0.000__short_cand_088_ETH_USDT__4h_ema20_dist0.000|combined__cand_002_AVAX_USDT__4h_ema15_dist0.008__short_cand_088_ETH_USDT__4h_ema15_dist0.000|combined__cand_002_AVAX_USDT__4h_ema15_dist0.000__short_cand_088_ETH_USDT__4h_ema15_dist0.000|combined__cand_002_AVAX_USDT__4h_ema15_dist0.008__short_cand_076_ETH_USDT__4h_ema15_dist0.000,5,long,AVAX/USDT,2025-08-08 00:00:00,2025-08-25 00:00:00,23.35,23.35,2.169336538163081,0.0,stop_loss
52,combined__cand_002_AVAX_USDT__4h_ema15_dist0.008__short_cand_088_ETH_USDT__4h_ema20_dist0.000,combined__cand_002_AVAX_USDT__4h_ema15_dist0.008__short_cand_088_ETH_USDT__4h_ema20_dist0.000|combined__cand_002_AVAX_USDT__4h_ema15_dist0.000__short_cand_088_ETH_USDT__4h_ema20_dist0.000|combined__cand_002_AVAX_USDT__4h_ema15_dist0.008__short_cand_088_ETH_USDT__4h_ema15_dist0.000|combined__cand_002_AVAX_USDT__4h_ema15_dist0.000__short_cand_088_ETH_USDT__4h_ema15_dist0.000|combined__cand_002_AVAX_USDT__4h_ema15_dist0.008__short_cand_076_ETH_USDT__4h_ema15_dist0.000,5,long,AVAX/USDT,2025-09-03 00:00:00,2025-09-10 00:00:00,24.47,27.64326141801147,2.1008879472792827,6.666666666666665,tp1_scale_out
52,combined__cand_002_AVAX_USDT__4h_ema15_dist0.008__short_cand_088_ETH_USDT__4h_ema20_dist0.000,combined__cand_002_AVAX_USDT__4h_ema15_dist0.008__short_cand_088_ETH_USDT__4h_ema20_dist0.000|combined__cand_002_AVAX_USDT__4h_ema15_dist0.000__short_cand_088_ETH_USDT__4h_ema20_dist0.000|combined__cand_002_AVAX_USDT__4h_ema15_dist0.008__short_cand_088_ETH_USDT__4h_ema15_dist0.000|combined__cand_002_AVAX_USDT__4h_ema15_dist0.000__short_cand_088_ETH_USDT__4h_ema15_dist0.000|combined__cand_002_AVAX_USDT__4h_ema15_dist0.008__short_cand_076_ETH_USDT__4h_ema15_dist0.000,5,long,AVAX/USDT,2025-09-03 00:00:00,2025-09-13 00:00:00,24.47,30.023207481520075,2.1008879472792827,11.666666666666668,tp2_final
55,combined__cand_002_AVAX_USDT__4h_ema15_dist0.008__short_cand_088_ETH_USDT__4h_ema20_dist0.000,combined__cand_002_AVAX_USDT__4h_ema15_dist0.008__short_cand_088_ETH_USDT__4h_ema20_dist0.000|combined__cand_002_AVAX_USDT__4h_ema15_dist0.000__short_cand_088_ETH_USDT__4h_ema20_dist0.000|combined__cand_002_AVAX_USDT__4h_ema15_dist0.008__short_cand_088_ETH_USDT__4h_ema15_dist0.000|combined__cand_002_AVAX_USDT__4h_ema15_dist0.000__short_cand_088_ETH_USDT__4h_ema15_dist0.000|combined__cand_002_AVAX_USDT__4h_ema15_dist0.008__short_cand_076_ETH_USDT__4h_ema15_dist0.000,5,long,ETH/USDT,2025-09-13 04:00:00,2025-09-16 12:00:00,4756.8,4460.462944879292,0.03374535795372151,-9.999999999999996,stop_loss
57,combined__cand_002_AVAX_USDT__4h_ema15_dist0.008__short_cand_088_ETH_USDT__4h_ema20_dist0.000,combined__cand_002_AVAX_USDT__4h_ema15_dist0.008__short_cand_088_ETH_USDT__4h_ema20_dist0.000|combined__cand_002_AVAX_USDT__4h_ema15_dist0.000__short_cand_088_ETH_USDT__4h_ema20_dist0.000|combined__cand_002_AVAX_USDT__4h_ema15_dist0.008__short_cand_088_ETH_USDT__4h_ema15_dist0.000|combined__cand_002_AVAX_USDT__4h_ema15_dist0.000__short_cand_088_ETH_USDT__4h_ema15_dist0.000,4,short,XRP/USDT,2025-09-21 00:00:00,2025-09-22 00:00:00,2.975,2.748467465530496,29.429179708242504,6.666666666666671,tp1_scale_out
56,combined__cand_002_AVAX_USDT__4h_ema15_dist0.008__short_cand_088_ETH_USDT__4h_ema20_dist0.000,combined__cand_002_AVAX_USDT__4h_ema15_dist0.008__short_cand_088_ETH_USDT__4h_ema20_dist0.000|combined__cand_002_AVAX_USDT__4h_ema15_dist0.000__short_cand_088_ETH_USDT__4h_ema20_dist0.000|combined__cand_002_AVAX_USDT__4h_ema15_dist0.008__short_cand_088_ETH_USDT__4h_ema15_dist0.000|combined__cand_002_AVAX_USDT__4h_ema15_dist0.000__short_cand_088_ETH_USDT__4h_ema15_dist0.000|combined__cand_002_AVAX_USDT__4h_ema15_dist0.008__short_cand_076_ETH_USDT__4h_ema15_dist0.000,5,short,TON/USDT,2025-09-20 00:00:00,2025-09-22 00:00:00,3.107,2.903372441334668,32.739510851885875,6.666666666666671,tp1_scale_out
56,combined__cand_002_AVAX_USDT__4h_ema15_dist0.008__short_cand_088_ETH_USDT__4h_ema20_dist0.000,combined__cand_002_AVAX_USDT__4h_ema15_dist0.008__short_cand_088_ETH_USDT__4h_ema20_dist0.000|combined__cand_002_AVAX_USDT__4h_ema15_dist0.000__short_cand_088_ETH_USDT__4h_ema20_dist0.000|combined__cand_002_AVAX_USDT__4h_ema15_dist0.008__short_cand_088_ETH_USDT__4h_ema15_dist0.000|combined__cand_002_AVAX_USDT__4h_ema15_dist0.000__short_cand_088_ETH_USDT__4h_ema15_dist0.000|combined__cand_002_AVAX_USDT__4h_ema15_dist0.008__short_cand_076_ETH_USDT__4h_ema15_dist0.000,5,short,TON/USDT,2025-09-20 00:00:00,2025-09-22 00:00:00,3.107,2.750651772335669,32.739510851885875,11.666666666666664,tp2_final
54,combined__cand_002_AVAX_USDT__4h_ema15_dist0.008__short_cand_088_ETH_USDT__4h_ema20_dist0.000,combined__cand_002_AVAX_USDT__4h_ema15_dist0.008__short_cand_088_ETH_USDT__4h_ema20_dist0.000|combined__cand_002_AVAX_USDT__4h_ema15_dist0.000__short_cand_088_ETH_USDT__4h_ema20_dist0.000|combined__cand_002_AVAX_USDT__4h_ema15_dist0.008__short_cand_088_ETH_USDT__4h_ema15_dist0.000|combined__cand_002_AVAX_USDT__4h_ema15_dist0.000__short_cand_088_ETH_USDT__4h_ema15_dist0.000|combined__cand_002_AVAX_USDT__4h_ema15_dist0.008__short_cand_076_ETH_USDT__4h_ema15_dist0.000,5,long,ADA/USDT,2025-09-13 00:00:00,2025-09-22 00:00:00,0.917,0.8486404113547369,146.28525709674437,-10.000000000000007,stop_loss
57,combined__cand_002_AVAX_USDT__4h_ema15_dist0.008__short_cand_088_ETH_USDT__4h_ema20_dist0.000,combined__cand_002_AVAX_USDT__4h_ema15_dist0.008__short_cand_088_ETH_USDT__4h_ema20_dist0.000|combined__cand_002_AVAX_USDT__4h_ema15_dist0.000__short_cand_088_ETH_USDT__4h_ema20_dist0.000|combined__cand_002_AVAX_USDT__4h_ema15_dist0.008__short_cand_088_ETH_USDT__4h_ema15_dist0.000|combined__cand_002_AVAX_USDT__4h_ema15_dist0.000__short_cand_088_ETH_USDT__4h_ema15_dist0.000,4,short,XRP/USDT,2025-09-21 00:00:00,2025-09-22 00:00:00,2.975,2.975,29.429179708242504,0.0,stop_loss
53,combined__cand_002_AVAX_USDT__4h_ema15_dist0.000__short_cand_088_ETH_USDT__4h_ema20_dist0.000,combined__cand_002_AVAX_USDT__4h_ema15_dist0.000__short_cand_088_ETH_USDT__4h_ema20_dist0.000|combined__cand_002_AVAX_USDT__4h_ema15_dist0.000__short_cand_088_ETH_USDT__4h_ema15_dist0.000,2,long,LINK/USDT,2025-09-03 04:00:00,2025-09-22 04:00:00,23.41,20.795134891672337,3.8242890496158326,-10.0,stop_loss
58,combined__cand_002_AVAX_USDT__4h_ema15_dist0.008__short_cand_088_ETH_USDT__4h_ema20_dist0.000,combined__cand_002_AVAX_USDT__4h_ema15_dist0.008__short_cand_088_ETH_USDT__4h_ema20_dist0.000|combined__cand_002_AVAX_USDT__4h_ema15_dist0.000__short_cand_088_ETH_USDT__4h_ema20_dist0.000|combined__cand_002_AVAX_USDT__4h_ema15_dist0.008__short_cand_088_ETH_USDT__4h_ema15_dist0.000|combined__cand_002_AVAX_USDT__4h_ema15_dist0.000__short_cand_088_ETH_USDT__4h_ema15_dist0.000|combined__cand_002_AVAX_USDT__4h_ema15_dist0.008__short_cand_076_ETH_USDT__4h_ema15_dist0.000,5,short,BTC/USDT,2025-09-22 04:00:00,2025-09-25 16:00:00,114649.89,110144.49435614675,0.0014797072651681657,6.666666666666656,tp1_scale_out
58,combined__cand_002_AVAX_USDT__4h_ema15_dist0.008__short_cand_088_ETH_USDT__4h_ema20_dist0.000,combined__cand_002_AVAX_USDT__4h_ema15_dist0.008__short_cand_088_ETH_USDT__4h_ema20_dist0.000|combined__cand_002_AVAX_USDT__4h_ema15_dist0.000__short_cand_088_ETH_USDT__4h_ema20_dist0.000|combined__cand_002_AVAX_USDT__4h_ema15_dist0.008__short_cand_088_ETH_USDT__4h_ema15_dist0.000|combined__cand_002_AVAX_USDT__4h_ema15_dist0.000__short_cand_088_ETH_USDT__4h_ema15_dist0.000|combined__cand_002_AVAX_USDT__4h_ema15_dist0.008__short_cand_076_ETH_USDT__4h_ema15_dist0.000,5,short,BTC/USDT,2025-09-22 04:00:00,2025-09-30 00:00:00,114649.89,114649.89,0.0014797072651681657,0.0,stop_loss
60,combined__cand_002_AVAX_USDT__4h_ema15_dist0.008__short_cand_088_ETH_USDT__4h_ema20_dist0.000,combined__cand_002_AVAX_USDT__4h_ema15_dist0.008__short_cand_088_ETH_USDT__4h_ema20_dist0.000|combined__cand_002_AVAX_USDT__4h_ema15_dist0.000__short_cand_088_ETH_USDT__4h_ema20_dist0.000|combined__cand_002_AVAX_USDT__4h_ema15_dist0.008__short_cand_088_ETH_USDT__4h_ema15_dist0.000|combined__cand_002_AVAX_USDT__4h_ema15_dist0.000__short_cand_088_ETH_USDT__4h_ema15_dist0.000|combined__cand_002_AVAX_USDT__4h_ema15_dist0.008__short_cand_076_ETH_USDT__4h_ema15_dist0.000,5,long,ADA/USDT,2025-10-03 00:00:00,2025-10-09 00:00:00,0.8706,0.8060835826879036,154.99930741078293,-9.999999999999996,stop_loss
59,combined__cand_002_AVAX_USDT__4h_ema15_dist0.008__short_cand_088_ETH_USDT__4h_ema20_dist0.000,combined__cand_002_AVAX_USDT__4h_ema15_dist0.008__short_cand_088_ETH_USDT__4h_ema20_dist0.000|combined__cand_002_AVAX_USDT__4h_ema15_dist0.000__short_cand_088_ETH_USDT__4h_ema20_dist0.000|combined__cand_002_AVAX_USDT__4h_ema15_dist0.008__short_cand_088_ETH_USDT__4h_ema15_dist0.000|combined__cand_002_AVAX_USDT__4h_ema15_dist0.000__short_cand_088_ETH_USDT__4h_ema15_dist0.000|combined__cand_002_AVAX_USDT__4h_ema15_dist0.008__short_cand_076_ETH_USDT__4h_ema15_dist0.000,5,short,XRP/USDT,2025-09-25 00:00:00,2025-10-10 00:00:00,2.9257,2.6735300989956396,26.437202220067483,6.666666666666672,tp1_scale_out
59,combined__cand_002_AVAX_USDT__4h_ema15_dist0.008__short_cand_088_ETH_USDT__4h_ema20_dist0.000,combined__cand_002_AVAX_USDT__4h_ema15_dist0.008__short_cand_088_ETH_USDT__4h_ema20_dist0.000|combined__cand_002_AVAX_USDT__4h_ema15_dist0.000__short_cand_088_ETH_USDT__4h_ema20_dist0.000|combined__cand_002_AVAX_USDT__4h_ema15_dist0.008__short_cand_088_ETH_USDT__4h_ema15_dist0.000|combined__cand_002_AVAX_USDT__4h_ema15_dist0.000__short_cand_088_ETH_USDT__4h_ema15_dist0.000|combined__cand_002_AVAX_USDT__4h_ema15_dist0.008__short_cand_076_ETH_USDT__4h_ema15_dist0.000,5,short,XRP/USDT,2025-09-25 00:00:00,2025-10-10 00:00:00,2.9257,2.4844026732423696,26.437202220067483,11.66666666666667,tp2_final
61,combined__cand_002_AVAX_USDT__4h_ema15_dist0.008__short_cand_088_ETH_USDT__4h_ema20_dist0.000,combined__cand_002_AVAX_USDT__4h_ema15_dist0.008__short_cand_088_ETH_USDT__4h_ema20_dist0.000|combined__cand_002_AVAX_USDT__4h_ema15_dist0.000__short_cand_088_ETH_USDT__4h_ema20_dist0.000|combined__cand_002_AVAX_USDT__4h_ema15_dist0.008__short_cand_088_ETH_USDT__4h_ema15_dist0.000|combined__cand_002_AVAX_USDT__4h_ema15_dist0.000__short_cand_088_ETH_USDT__4h_ema15_dist0.000|combined__cand_002_AVAX_USDT__4h_ema15_dist0.008__short_cand_076_ETH_USDT__4h_ema15_dist0.000,5,long,ETH/USDT,2025-10-03 04:00:00,2025-10-10 12:00:00,4500.59,4234.590317720212,0.037594029866101934,-9.999999999999991,stop_loss
62,combined__cand_002_AVAX_USDT__4h_ema15_dist0.008__short_cand_088_ETH_USDT__4h_ema20_dist0.000,combined__cand_002_AVAX_USDT__4h_ema15_dist0.008__short_cand_088_ETH_USDT__4h_ema20_dist0.000|combined__cand_002_AVAX_USDT__4h_ema15_dist0.000__short_cand_088_ETH_USDT__4h_ema20_dist0.000|combined__cand_002_AVAX_USDT__4h_ema15_dist0.008__short_cand_088_ETH_USDT__4h_ema15_dist0.000|combined__cand_002_AVAX_USDT__4h_ema15_dist0.000__short_cand_088_ETH_USDT__4h_ema15_dist0.000|combined__cand_002_AVAX_USDT__4h_ema15_dist0.008__short_cand_076_ETH_USDT__4h_ema15_dist0.000,5,long,SOL/USDT,2025-10-03 04:00:00,2025-10-10 12:00:00,232.26,214.27805200346958,0.5561132754876994,-10.0,stop_loss
63,combined__cand_002_AVAX_USDT__4h_ema15_dist0.008__short_cand_088_ETH_USDT__4h_ema20_dist0.000,combined__cand_002_AVAX_USDT__4h_ema15_dist0.008__short_cand_088_ETH_USDT__4h_ema20_dist0.000|combined__cand_002_AVAX_USDT__4h_ema15_dist0.000__short_cand_088_ETH_USDT__4h_ema20_dist0.000|combined__cand_002_AVAX_USDT__4h_ema15_dist0.008__short_cand_088_ETH_USDT__4h_ema15_dist0.000|combined__cand_002_AVAX_USDT__4h_ema15_dist0.000__short_cand_088_ETH_USDT__4h_ema15_dist0.000|combined__cand_002_AVAX_USDT__4h_ema15_dist0.008__short_cand_076_ETH_USDT__4h_ema15_dist0.000,5,short,LINK/USDT,2025-10-09 04:00:00,2025-10-10 20:00:00,22.26,19.666619685177725,2.5706475168966985,6.666666666666663,tp1_scale_out
63,combined__cand_002_AVAX_USDT__4h_ema15_dist0.008__short_cand_088_ETH_USDT__4h_ema20_dist0.000,combined__cand_002_AVAX_USDT__4h_ema15_dist0.008__short_cand_088_ETH_USDT__4h_ema20_dist0.000|combined__cand_002_AVAX_USDT__4h_ema15_dist0.000__short_cand_088_ETH_USDT__4h_ema20_dist0.000|combined__cand_002_AVAX_USDT__4h_ema15_dist0.008__short_cand_088_ETH_USDT__4h_ema15_dist0.000|combined__cand_002_AVAX_USDT__4h_ema15_dist0.000__short_cand_088_ETH_USDT__4h_ema15_dist0.000|combined__cand_002_AVAX_USDT__4h_ema15_dist0.008__short_cand_076_ETH_USDT__4h_ema15_dist0.000,5,short,LINK/USDT,2025-10-09 04:00:00,2025-10-10 20:00:00,22.26,17.721584449061016,2.5706475168966985,11.666666666666664,tp2_final
65,combined__cand_002_AVAX_USDT__4h_ema15_dist0.008__short_cand_088_ETH_USDT__4h_ema20_dist0.000,combined__cand_002_AVAX_USDT__4h_ema15_dist0.008__short_cand_088_ETH_USDT__4h_ema20_dist0.000|combined__cand_002_AVAX_USDT__4h_ema15_dist0.000__short_cand_088_ETH_USDT__4h_ema20_dist0.000,2,short,ETH/USDT,2025-11-02 04:00:00,2025-11-04 04:00:00,3880.62,3488.683830830377,0.017009572453573308,6.666666666666669,tp1_scale_out
64,combined__cand_002_AVAX_USDT__4h_ema15_dist0.008__short_cand_088_ETH_USDT__4h_ema20_dist0.000,combined__cand_002_AVAX_USDT__4h_ema15_dist0.008__short_cand_088_ETH_USDT__4h_ema20_dist0.000|combined__cand_002_AVAX_USDT__4h_ema15_dist0.000__short_cand_088_ETH_USDT__4h_ema20_dist0.000|combined__cand_002_AVAX_USDT__4h_ema15_dist0.008__short_cand_088_ETH_USDT__4h_ema15_dist0.000|combined__cand_002_AVAX_USDT__4h_ema15_dist0.000__short_cand_088_ETH_USDT__4h_ema15_dist0.000|combined__cand_002_AVAX_USDT__4h_ema15_dist0.008__short_cand_076_ETH_USDT__4h_ema15_dist0.000,5,short,BTC/USDT,2025-10-12 04:00:00,2025-11-04 16:00:00,110676.0,102053.72509829472,0.0007731911522964957,6.666666666666663,tp1_scale_out
65,combined__cand_002_AVAX_USDT__4h_ema15_dist0.008__short_cand_088_ETH_USDT__4h_ema20_dist0.000,combined__cand_002_AVAX_USDT__4h_ema15_dist0.008__short_cand_088_ETH_USDT__4h_ema20_dist0.000|combined__cand_002_AVAX_USDT__4h_ema15_dist0.000__short_cand_088_ETH_USDT__4h_ema20_dist0.000,2,short,ETH/USDT,2025-11-02 04:00:00,2025-11-04 20:00:00,3880.62,3194.73170395316,0.017009572453573308,11.666666666666663,tp2_final
67,combined__cand_002_AVAX_USDT__4h_ema15_dist0.008__short_cand_088_ETH_USDT__4h_ema20_dist0.000,combined__cand_002_AVAX_USDT__4h_ema15_dist0.008__short_cand_088_ETH_USDT__4h_ema20_dist0.000|combined__cand_002_AVAX_USDT__4h_ema15_dist0.000__short_cand_088_ETH_USDT__4h_ema20_dist0.000|combined__cand_002_AVAX_USDT__4h_ema15_dist0.008__short_cand_088_ETH_USDT__4h_ema15_dist0.000|combined__cand_002_AVAX_USDT__4h_ema15_dist0.000__short_cand_088_ETH_USDT__4h_ema15_dist0.000,4,short,TON/USDT,2025-11-10 00:00:00,2025-11-14 00:00:00,2.109,1.7990555903467498,21.509233459396768,6.666666666666668,tp1_scale_out
64,combined__cand_002_AVAX_USDT__4h_ema15_dist0.008__short_cand_088_ETH_USDT__4h_ema20_dist0.000,combined__cand_002_AVAX_USDT__4h_ema15_dist0.008__short_cand_088_ETH_USDT__4h_ema20_dist0.000|combined__cand_002_AVAX_USDT__4h_ema15_dist0.000__short_cand_088_ETH_USDT__4h_ema20_dist0.000|combined__cand_002_AVAX_USDT__4h_ema15_dist0.008__short_cand_088_ETH_USDT__4h_ema15_dist0.000|combined__cand_002_AVAX_USDT__4h_ema15_dist0.000__short_cand_088_ETH_USDT__4h_ema15_dist0.000|combined__cand_002_AVAX_USDT__4h_ema15_dist0.008__short_cand_076_ETH_USDT__4h_ema15_dist0.000,5,short,BTC/USDT,2025-10-12 04:00:00,2025-11-14 12:00:00,110676.0,95587.01892201575,0.0007731911522964957,11.666666666666664,tp2_final
68,combined__cand_002_AVAX_USDT__4h_ema15_dist0.008__short_cand_088_ETH_USDT__4h_ema20_dist0.000,combined__cand_002_AVAX_USDT__4h_ema15_dist0.008__short_cand_088_ETH_USDT__4h_ema20_dist0.000|combined__cand_002_AVAX_USDT__4h_ema15_dist0.000__short_cand_088_ETH_USDT__4h_ema20_dist0.000,2,short,DOGE/USDT,2025-11-11 00:00:00,2025-11-16 00:00:00,0.18178,0.15362434493660626,236.7789579626673,6.666666666666666,tp1_scale_out
66,combined__cand_002_AVAX_USDT__4h_ema15_dist0.008__short_cand_088_ETH_USDT__4h_ema20_dist0.000,combined__cand_002_AVAX_USDT__4h_ema15_dist0.008__short_cand_088_ETH_USDT__4h_ema20_dist0.000|combined__cand_002_AVAX_USDT__4h_ema15_dist0.000__short_cand_088_ETH_USDT__4h_ema20_dist0.000|combined__cand_002_AVAX_USDT__4h_ema15_dist0.008__short_cand_088_ETH_USDT__4h_ema15_dist0.000|combined__cand_002_AVAX_USDT__4h_ema15_dist0.000__short_cand_088_ETH_USDT__4h_ema15_dist0.000|combined__cand_002_AVAX_USDT__4h_ema15_dist0.008__short_cand_076_ETH_USDT__4h_ema15_dist0.000,5,short,XRP/USDT,2025-11-10 00:00:00,2025-11-20 00:00:00,2.3662,2.021259753888779,19.32701893103275,6.666666666666664,tp1_scale_out
67,combined__cand_002_AVAX_USDT__4h_ema15_dist0.008__short_cand_088_ETH_USDT__4h_ema20_dist0.000,combined__cand_002_AVAX_USDT__4h_ema15_dist0.008__short_cand_088_ETH_USDT__4h_ema20_dist0.000|combined__cand_002_AVAX_USDT__4h_ema15_dist0.000__short_cand_088_ETH_USDT__4h_ema20_dist0.000|combined__cand_002_AVAX_USDT__4h_ema15_dist0.008__short_cand_088_ETH_USDT__4h_ema15_dist0.000|combined__cand_002_AVAX_USDT__4h_ema15_dist0.000__short_cand_088_ETH_USDT__4h_ema15_dist0.000,4,short,TON/USDT,2025-11-10 00:00:00,2025-11-20 00:00:00,2.109,1.5665972831068122,21.509233459396768,11.666666666666666,tp2_final
68,combined__cand_002_AVAX_USDT__4h_ema15_dist0.008__short_cand_088_ETH_USDT__4h_ema20_dist0.000,combined__cand_002_AVAX_USDT__4h_ema15_dist0.008__short_cand_088_ETH_USDT__4h_ema20_dist0.000|combined__cand_002_AVAX_USDT__4h_ema15_dist0.000__short_cand_088_ETH_USDT__4h_ema20_dist0.000,2,short,DOGE/USDT,2025-11-11 00:00:00,2025-12-01 00:00:00,0.18178,0.13250760363906094,236.7789579626673,11.66666666666667,tp2_final
69,combined__cand_002_AVAX_USDT__4h_ema15_dist0.008__short_cand_088_ETH_USDT__4h_ema20_dist0.000,combined__cand_002_AVAX_USDT__4h_ema15_dist0.008__short_cand_088_ETH_USDT__4h_ema20_dist0.000|combined__cand_002_AVAX_USDT__4h_ema15_dist0.000__short_cand_088_ETH_USDT__4h_ema20_dist0.000,2,short,AVAX/USDT,2025-12-05 00:00:00,2025-12-15 00:00:00,14.4,12.33021057647813,3.2209395752554086,6.66666666666667,tp1_scale_out
69,combined__cand_002_AVAX_USDT__4h_ema15_dist0.008__short_cand_088_ETH_USDT__4h_ema20_dist0.000,combined__cand_002_AVAX_USDT__4h_ema15_dist0.008__short_cand_088_ETH_USDT__4h_ema20_dist0.000|combined__cand_002_AVAX_USDT__4h_ema15_dist0.000__short_cand_088_ETH_USDT__4h_ema20_dist0.000,2,short,AVAX/USDT,2025-12-05 00:00:00,2026-01-03 00:00:00,14.4,14.4,3.2209395752554086,0.0,stop_loss
66,combined__cand_002_AVAX_USDT__4h_ema15_dist0.008__short_cand_088_ETH_USDT__4h_ema20_dist0.000,combined__cand_002_AVAX_USDT__4h_ema15_dist0.008__short_cand_088_ETH_USDT__4h_ema20_dist0.000|combined__cand_002_AVAX_USDT__4h_ema15_dist0.000__short_cand_088_ETH_USDT__4h_ema20_dist0.000|combined__cand_002_AVAX_USDT__4h_ema15_dist0.008__short_cand_088_ETH_USDT__4h_ema15_dist0.000|combined__cand_002_AVAX_USDT__4h_ema15_dist0.000__short_cand_088_ETH_USDT__4h_ema15_dist0.000|combined__cand_002_AVAX_USDT__4h_ema15_dist0.008__short_cand_076_ETH_USDT__4h_ema15_dist0.000,5,short,XRP/USDT,2025-11-10 00:00:00,2026-01-05 00:00:00,2.3662,2.3662,19.32701893103275,0.0,stop_loss
71,combined__cand_002_AVAX_USDT__4h_ema15_dist0.008__short_cand_088_ETH_USDT__4h_ema20_dist0.000,combined__cand_002_AVAX_USDT__4h_ema15_dist0.008__short_cand_088_ETH_USDT__4h_ema20_dist0.000|combined__cand_002_AVAX_USDT__4h_ema15_dist0.000__short_cand_088_ETH_USDT__4h_ema20_dist0.000|combined__cand_002_AVAX_USDT__4h_ema15_dist0.008__short_cand_088_ETH_USDT__4h_ema15_dist0.000|combined__cand_002_AVAX_USDT__4h_ema15_dist0.000__short_cand_088_ETH_USDT__4h_ema15_dist0.000|combined__cand_002_AVAX_USDT__4h_ema15_dist0.008__short_cand_076_ETH_USDT__4h_ema15_dist0.000,5,short,SOL/USDT,2025-12-11 04:00:00,2026-01-06 12:00:00,129.39,143.36819212183616,0.7154000970110009,-10.000000000000007,stop_loss
73,combined__cand_002_AVAX_USDT__4h_ema15_dist0.008__short_cand_088_ETH_USDT__4h_ema20_dist0.000,combined__cand_002_AVAX_USDT__4h_ema15_dist0.008__short_cand_088_ETH_USDT__4h_ema20_dist0.000|combined__cand_002_AVAX_USDT__4h_ema15_dist0.000__short_cand_088_ETH_USDT__4h_ema20_dist0.000|combined__cand_002_AVAX_USDT__4h_ema15_dist0.008__short_cand_088_ETH_USDT__4h_ema15_dist0.000|combined__cand_002_AVAX_USDT__4h_ema15_dist0.000__short_cand_088_ETH_USDT__4h_ema15_dist0.000,4,short,DOGE/USDT,2026-01-12 00:00:00,2026-01-13 00:00:00,0.13801,0.14952170245031896,868.6812435568919,-9.999999999999995,stop_loss
72,combined__cand_002_AVAX_USDT__4h_ema15_dist0.008__short_cand_088_ETH_USDT__4h_ema20_dist0.000,combined__cand_002_AVAX_USDT__4h_ema15_dist0.008__short_cand_088_ETH_USDT__4h_ema20_dist0.000|combined__cand_002_AVAX_USDT__4h_ema15_dist0.000__short_cand_088_ETH_USDT__4h_ema20_dist0.000|combined__cand_002_AVAX_USDT__4h_ema15_dist0.008__short_cand_088_ETH_USDT__4h_ema15_dist0.000|combined__cand_002_AVAX_USDT__4h_ema15_dist0.000__short_cand_088_ETH_USDT__4h_ema15_dist0.000,4,short,ETH/USDT,2026-01-10 04:00:00,2026-01-13 20:00:00,3086.51,3253.929361489627,0.059730248108846154,-10.000000000000005,stop_loss
70,combined__cand_002_AVAX_USDT__4h_ema15_dist0.008__short_cand_088_ETH_USDT__4h_ema20_dist0.000,combined__cand_002_AVAX_USDT__4h_ema15_dist0.008__short_cand_088_ETH_USDT__4h_ema20_dist0.000|combined__cand_002_AVAX_USDT__4h_ema15_dist0.000__short_cand_088_ETH_USDT__4h_ema20_dist0.000|combined__cand_002_AVAX_USDT__4h_ema15_dist0.008__short_cand_088_ETH_USDT__4h_ema15_dist0.000|combined__cand_002_AVAX_USDT__4h_ema15_dist0.000__short_cand_088_ETH_USDT__4h_ema15_dist0.000|combined__cand_002_AVAX_USDT__4h_ema15_dist0.008__short_cand_076_ETH_USDT__4h_ema15_dist0.000,5,short,BNB/USDT,2025-12-06 00:00:00,2026-01-14 00:00:00,883.57,954.0872925318163,0.14180918808656992,-10.0,stop_loss
74,combined__cand_002_AVAX_USDT__4h_ema15_dist0.008__short_cand_088_ETH_USDT__4h_ema15_dist0.000,combined__cand_002_AVAX_USDT__4h_ema15_dist0.008__short_cand_088_ETH_USDT__4h_ema15_dist0.000|combined__cand_002_AVAX_USDT__4h_ema15_dist0.000__short_cand_088_ETH_USDT__4h_ema15_dist0.000|combined__cand_002_AVAX_USDT__4h_ema15_dist0.008__short_cand_076_ETH_USDT__4h_ema15_dist0.000,3,short,XRP/USDT,2026-01-13 00:00:00,2026-01-19 00:00:00,2.0541,1.8540609559679904,33.326827264780796,6.666666666666666,tp1_scale_out
75,combined__cand_002_AVAX_USDT__4h_ema15_dist0.008__short_cand_088_ETH_USDT__4h_ema20_dist0.000,combined__cand_002_AVAX_USDT__4h_ema15_dist0.008__short_cand_088_ETH_USDT__4h_ema20_dist0.000|combined__cand_002_AVAX_USDT__4h_ema15_dist0.000__short_cand_088_ETH_USDT__4h_ema20_dist0.000|combined__cand_002_AVAX_USDT__4h_ema15_dist0.008__short_cand_088_ETH_USDT__4h_ema15_dist0.000|combined__cand_002_AVAX_USDT__4h_ema15_dist0.000__short_cand_088_ETH_USDT__4h_ema15_dist0.000,4,short,DOGE/USDT,2026-01-17 00:00:00,2026-01-19 00:00:00,0.13813,0.122480273440416,425.9925335618054,6.666666666666667,tp1_scale_out
77,combined__cand_002_AVAX_USDT__4h_ema15_dist0.008__short_cand_088_ETH_USDT__4h_ema20_dist0.000,combined__cand_002_AVAX_USDT__4h_ema15_dist0.008__short_cand_088_ETH_USDT__4h_ema20_dist0.000|combined__cand_002_AVAX_USDT__4h_ema15_dist0.000__short_cand_088_ETH_USDT__4h_ema20_dist0.000|combined__cand_002_AVAX_USDT__4h_ema15_dist0.008__short_cand_088_ETH_USDT__4h_ema15_dist0.000|combined__cand_002_AVAX_USDT__4h_ema15_dist0.000__short_cand_088_ETH_USDT__4h_ema15_dist0.000|combined__cand_002_AVAX_USDT__4h_ema15_dist0.008__short_cand_076_ETH_USDT__4h_ema15_dist0.000,5,short,BTC/USDT,2026-01-23 04:00:00,2026-01-29 12:00:00,89924.78,84932.46641700892,0.0013353862003741422,6.666666666666672,tp1_scale_out
77,combined__cand_002_AVAX_USDT__4h_ema15_dist0.008__short_cand_088_ETH_USDT__4h_ema20_dist0.000,combined__cand_002_AVAX_USDT__4h_ema15_dist0.008__short_cand_088_ETH_USDT__4h_ema20_dist0.000|combined__cand_002_AVAX_USDT__4h_ema15_dist0.000__short_cand_088_ETH_USDT__4h_ema20_dist0.000|combined__cand_002_AVAX_USDT__4h_ema15_dist0.008__short_cand_088_ETH_USDT__4h_ema15_dist0.000|combined__cand_002_AVAX_USDT__4h_ema15_dist0.000__short_cand_088_ETH_USDT__4h_ema15_dist0.000|combined__cand_002_AVAX_USDT__4h_ema15_dist0.008__short_cand_076_ETH_USDT__4h_ema15_dist0.000,5,short,BTC/USDT,2026-01-23 04:00:00,2026-01-30 00:00:00,89924.78,81188.23122976563,0.0013353862003741422,11.666666666666657,tp2_final
76,combined__cand_002_AVAX_USDT__4h_ema15_dist0.008__short_cand_088_ETH_USDT__4h_ema20_dist0.000,combined__cand_002_AVAX_USDT__4h_ema15_dist0.008__short_cand_088_ETH_USDT__4h_ema20_dist0.000|combined__cand_002_AVAX_USDT__4h_ema15_dist0.000__short_cand_088_ETH_USDT__4h_ema20_dist0.000|combined__cand_002_AVAX_USDT__4h_ema15_dist0.008__short_cand_088_ETH_USDT__4h_ema15_dist0.000|combined__cand_002_AVAX_USDT__4h_ema15_dist0.000__short_cand_088_ETH_USDT__4h_ema15_dist0.000|combined__cand_002_AVAX_USDT__4h_ema15_dist0.008__short_cand_076_ETH_USDT__4h_ema15_dist0.000,5,short,BNB/USDT,2026-01-23 00:00:00,2026-01-30 00:00:00,888.06,834.2907648156248,0.12398663741090263,6.666666666666668,tp1_scale_out
74,combined__cand_002_AVAX_USDT__4h_ema15_dist0.008__short_cand_088_ETH_USDT__4h_ema15_dist0.000,combined__cand_002_AVAX_USDT__4h_ema15_dist0.008__short_cand_088_ETH_USDT__4h_ema15_dist0.000|combined__cand_002_AVAX_USDT__4h_ema15_dist0.000__short_cand_088_ETH_USDT__4h_ema15_dist0.000|combined__cand_002_AVAX_USDT__4h_ema15_dist0.008__short_cand_076_ETH_USDT__4h_ema15_dist0.000,3,short,XRP/USDT,2026-01-13 00:00:00,2026-01-31 00:00:00,2.0541,1.704031672943983,33.326827264780796,11.666666666666668,tp2_final
75,combined__cand_002_AVAX_USDT__4h_ema15_dist0.008__short_cand_088_ETH_USDT__4h_ema20_dist0.000,combined__cand_002_AVAX_USDT__4h_ema15_dist0.008__short_cand_088_ETH_USDT__4h_ema20_dist0.000|combined__cand_002_AVAX_USDT__4h_ema15_dist0.000__short_cand_088_ETH_USDT__4h_ema20_dist0.000|combined__cand_002_AVAX_USDT__4h_ema15_dist0.008__short_cand_088_ETH_USDT__4h_ema15_dist0.000|combined__cand_002_AVAX_USDT__4h_ema15_dist0.000__short_cand_088_ETH_USDT__4h_ema15_dist0.000,4,short,DOGE/USDT,2026-01-17 00:00:00,2026-01-31 00:00:00,0.13813,0.110742978520728,425.9925335618054,11.666666666666666,tp2_final
76,combined__cand_002_AVAX_USDT__4h_ema15_dist0.008__short_cand_088_ETH_USDT__4h_ema20_dist0.000,combined__cand_002_AVAX_USDT__4h_ema15_dist0.008__short_cand_088_ETH_USDT__4h_ema20_dist0.000|combined__cand_002_AVAX_USDT__4h_ema15_dist0.000__short_cand_088_ETH_USDT__4h_ema20_dist0.000|combined__cand_002_AVAX_USDT__4h_ema15_dist0.008__short_cand_088_ETH_USDT__4h_ema15_dist0.000|combined__cand_002_AVAX_USDT__4h_ema15_dist0.000__short_cand_088_ETH_USDT__4h_ema15_dist0.000|combined__cand_002_AVAX_USDT__4h_ema15_dist0.008__short_cand_076_ETH_USDT__4h_ema15_dist0.000,5,short,BNB/USDT,2026-01-23 00:00:00,2026-01-31 00:00:00,888.06,793.9638384273435,0.12398663741090263,11.666666666666666,tp2_final
79,combined__cand_002_AVAX_USDT__4h_ema15_dist0.008__short_cand_088_ETH_USDT__4h_ema20_dist0.000,combined__cand_002_AVAX_USDT__4h_ema15_dist0.008__short_cand_088_ETH_USDT__4h_ema20_dist0.000|combined__cand_002_AVAX_USDT__4h_ema15_dist0.000__short_cand_088_ETH_USDT__4h_ema20_dist0.000|combined__cand_002_AVAX_USDT__4h_ema15_dist0.008__short_cand_088_ETH_USDT__4h_ema15_dist0.000|combined__cand_002_AVAX_USDT__4h_ema15_dist0.000__short_cand_088_ETH_USDT__4h_ema15_dist0.000|combined__cand_002_AVAX_USDT__4h_ema15_dist0.008__short_cand_076_ETH_USDT__4h_ema15_dist0.000,5,short,LINK/USDT,2026-02-28 04:00:00,2026-03-04 16:00:00,8.69,9.612375657431855,10.84156972208343,-10.0,stop_loss
78,combined__cand_002_AVAX_USDT__4h_ema15_dist0.008__short_cand_088_ETH_USDT__4h_ema20_dist0.000,combined__cand_002_AVAX_USDT__4h_ema15_dist0.008__short_cand_088_ETH_USDT__4h_ema20_dist0.000|combined__cand_002_AVAX_USDT__4h_ema15_dist0.000__short_cand_088_ETH_USDT__4h_ema20_dist0.000,2,short,XRP/USDT,2026-02-26 00:00:00,2026-03-17 00:00:00,1.4338,1.5842855818170969,66.45154890755047,-10.000000000000005,stop_loss
82,combined__cand_002_AVAX_USDT__4h_ema15_dist0.008__short_cand_088_ETH_USDT__4h_ema20_dist0.000,combined__cand_002_AVAX_USDT__4h_ema15_dist0.008__short_cand_088_ETH_USDT__4h_ema20_dist0.000|combined__cand_002_AVAX_USDT__4h_ema15_dist0.000__short_cand_088_ETH_USDT__4h_ema20_dist0.000|combined__cand_002_AVAX_USDT__4h_ema15_dist0.008__short_cand_088_ETH_USDT__4h_ema15_dist0.000|combined__cand_002_AVAX_USDT__4h_ema15_dist0.000__short_cand_088_ETH_USDT__4h_ema15_dist0.000|combined__cand_002_AVAX_USDT__4h_ema15_dist0.008__short_cand_076_ETH_USDT__4h_ema15_dist0.000,5,long,LINK/USDT,2026-03-18 04:00:00,2026-03-18 16:00:00,9.89,9.094752691071065,12.574704607888982,-10.0,stop_loss
84,combined__cand_002_AVAX_USDT__4h_ema15_dist0.008__short_cand_088_ETH_USDT__4h_ema20_dist0.000,combined__cand_002_AVAX_USDT__4h_ema15_dist0.008__short_cand_088_ETH_USDT__4h_ema20_dist0.000|combined__cand_002_AVAX_USDT__4h_ema15_dist0.000__short_cand_088_ETH_USDT__4h_ema20_dist0.000|combined__cand_002_AVAX_USDT__4h_ema15_dist0.008__short_cand_088_ETH_USDT__4h_ema15_dist0.000|combined__cand_002_AVAX_USDT__4h_ema15_dist0.000__short_cand_088_ETH_USDT__4h_ema15_dist0.000,4,short,AVAX/USDT,2026-03-21 00:00:00,2026-03-29 00:00:00,9.57,8.539054303102114,6.4665546271997245,6.66666666666667,tp1_scale_out
80,combined__cand_002_AVAX_USDT__4h_ema15_dist0.008__short_cand_088_ETH_USDT__4h_ema20_dist0.000,combined__cand_002_AVAX_USDT__4h_ema15_dist0.008__short_cand_088_ETH_USDT__4h_ema20_dist0.000|combined__cand_002_AVAX_USDT__4h_ema15_dist0.000__short_cand_088_ETH_USDT__4h_ema20_dist0.000,2,short,ADA/USDT,2026-03-01 00:00:00,2026-03-29 00:00:00,0.281,0.23839412526453307,156.47294435471474,6.666666666666667,tp1_scale_out
84,combined__cand_002_AVAX_USDT__4h_ema15_dist0.008__short_cand_088_ETH_USDT__4h_ema20_dist0.000,combined__cand_002_AVAX_USDT__4h_ema15_dist0.008__short_cand_088_ETH_USDT__4h_ema20_dist0.000|combined__cand_002_AVAX_USDT__4h_ema15_dist0.000__short_cand_088_ETH_USDT__4h_ema20_dist0.000|combined__cand_002_AVAX_USDT__4h_ema15_dist0.008__short_cand_088_ETH_USDT__4h_ema15_dist0.000|combined__cand_002_AVAX_USDT__4h_ema15_dist0.000__short_cand_088_ETH_USDT__4h_ema15_dist0.000,4,short,AVAX/USDT,2026-03-21 00:00:00,2026-03-31 00:00:00,9.57,8.78,6.4665546271997245,5.1085781554877885,final_bar_close
81,combined__cand_002_AVAX_USDT__4h_ema15_dist0.008__short_cand_088_ETH_USDT__4h_ema20_dist0.000,combined__cand_002_AVAX_USDT__4h_ema15_dist0.008__short_cand_088_ETH_USDT__4h_ema20_dist0.000|combined__cand_002_AVAX_USDT__4h_ema15_dist0.000__short_cand_088_ETH_USDT__4h_ema20_dist0.000|combined__cand_002_AVAX_USDT__4h_ema15_dist0.008__short_cand_088_ETH_USDT__4h_ema15_dist0.000|combined__cand_002_AVAX_USDT__4h_ema15_dist0.000__short_cand_088_ETH_USDT__4h_ema15_dist0.000|combined__cand_002_AVAX_USDT__4h_ema15_dist0.008__short_cand_076_ETH_USDT__4h_ema15_dist0.000,5,short,TON/USDT,2026-03-14 00:00:00,2026-03-31 00:00:00,1.312,1.217,105.94512225106936,10.064786613851586,final_bar_close
80,combined__cand_002_AVAX_USDT__4h_ema15_dist0.008__short_cand_088_ETH_USDT__4h_ema20_dist0.000,combined__cand_002_AVAX_USDT__4h_ema15_dist0.008__short_cand_088_ETH_USDT__4h_ema20_dist0.000|combined__cand_002_AVAX_USDT__4h_ema15_dist0.000__short_cand_088_ETH_USDT__4h_ema20_dist0.000,2,short,ADA/USDT,2026-03-01 00:00:00,2026-03-31 00:00:00,0.281,0.2413,156.47294435471474,6.211975890882182,final_bar_close
83,combined__cand_002_AVAX_USDT__4h_ema15_dist0.008__short_cand_088_ETH_USDT__4h_ema20_dist0.000,combined__cand_002_AVAX_USDT__4h_ema15_dist0.008__short_cand_088_ETH_USDT__4h_ema20_dist0.000|combined__cand_002_AVAX_USDT__4h_ema15_dist0.000__short_cand_088_ETH_USDT__4h_ema20_dist0.000|combined__cand_002_AVAX_USDT__4h_ema15_dist0.008__short_cand_088_ETH_USDT__4h_ema15_dist0.000|combined__cand_002_AVAX_USDT__4h_ema15_dist0.000__short_cand_088_ETH_USDT__4h_ema15_dist0.000,4,short,BNB/USDT,2026-03-20 00:00:00,2026-03-31 00:00:00,639.16,606.73,0.26637276953356576,8.638468915973524,final_bar_close
